Transaction_ID,Order Date,Delivery Date,Product ID,Product Name,Category,Warehouse,Region,Supplier ID,Supplier Name,Forecast Qty,Actual Demand Qty,Inventory On Hand,Reorder Point,Unit Cost,Lead Time Days,TransportationMode,SalesAmount,CustomerSegment,ForecastVersion
T00001,16/10/2025,2025-10-26,P1002,Phone,Electronics,Berlin Warehouse,North America,S01,Supplier A,610,559,665,290,906.01,9,Road,612417.54,Retail,V3
T00002,2025-03-08,2025-03-17,P1001,Laptop,Electronics,Munich WH,north america,S01,Supplier A,577,533,952,197,50.47,8,Air,47854.31,Retail,V3
T00003,2025-10-27,19/11/2025,P1012,Camera,Electronics,BERLIN WH,North America,S07,Supplier G,-386,443,835,262,291.44,16,Air,169514.77,Wholesale,V2
T00004,2024-10-11,2024-10-15,P1003,Tablet,Electronics,Hamburg WH,North America,S04,Supplier D,170,186,937,322,925.54,5,Sea,206175.23,Wholesale,V3
T00005,2024-09-27,15/10/2024,P1013,Sofa,Furniture,Hamburg WH,North America,S01,Supplier A,580,591,-20,385,1182.06,19,Road,866101.32,Wholesale,V3
T00006,2025-09-25,2025-10-02,P1015,Lamp,Home,Berlin WH,N. America,S06,Supplier F,824,1007,,445,919.17,8,Sea,1128651.1,Retail,V1
T00007,2024-04-13,2024-05-08,P1007,Chair,Furniture,Berlin Warehouse,NA,S05,Supplier E,458,427,627,382,671.43,22,Sea,339862.58,Retail,V3
T00008,2024-09-30,2024-10-22,P1012,Camera,electronics,Munich WH,N. America,S02,Supplier B,738,635,698,461,402.99,22,Air,400165.51,Wholesale,V2
T00009,2024-10-03,13/10/2024,P1015,Lamp,Home,Berlin Warehouse,North America,S04,Supplier D,534,525,210,500,293.58,12,Sea,274151.57,Wholesale,V2
T00010,2024-08-03,2024-04-04,P1004,Headphones,Electronics,Hamburg WH,Europe,S06,Supplier F,614,526,920,258,150.97,22,Air,98245.37,Wholesale,V1
T00011,2024-09-09,2024-10-01,P1012,Camera,Electronics,Hamburg WH,NA,S05,,,686,624,449,421.6,15,Air,485919.19,Retail,V3
T00012,2025-05-20,2025-06-03,P1002,Phone,Electronics,Berlin Warehouse,Europe,S01,Supplier A,343,338,479,206,228.57,6,Road,128364.87,Retail,V2
T00013,2025-01-25,2025-02-10,P1010,Mouse,Electronics,Berlin WH,North America,S08,Supplier H,335,418,852,420,1226.88,10,Road,817870.67,Wholesale,V3
T00014,2024-12-14,2024-12-26,P1002,Phone,Electronics,Berlin WH,NA,S05,Supplier E,835,1007,888,372,550.53,7,Road,654787.22,Retail,V3
T00015,18/04/2024,2024-05-13,P1014,Shelf,Furniture,Berlin Warehouse,N. America,S05,Supplier E,502,539,943,477,114.07,18,Sea,81016.35,Retail,V3
T00016,27/06/2025,2025-07-14,P1015,Lamp,Home,Berlin WH,North America,S01,Supplier A,676,641,475,456,1333.07,12,Sea,1222402.31,Wholesale,V1
T00017,2024-02-29,30/03/2024,P1004,Headphones,Electronics,Berlin WH,north america,S02,Supplier B,599,543,538,193,850.69,25,Air,757407.27,Retail,V3
T00018,2025-05-01,2025-05-26,P1009,Keyboard,Electronics,Hamburg WH,N. America,S03,Supplier C,877,904,469,285,57.62,18,Road,61231.26,Retail,V3
T00019,15/11/2024,2024-12-21,P1007,Chair,Furniture,Hamburg WH,North America,S06,Supplier F,842,910,625,374,772.68,30,Air,1220154.32,Retail,V1
T00020,2024-12-12,19/12/2024,P1001,Laptop,Electronics,Berlin WH,North America,S04,,920,835,326,451,358.62,9,Air,345528.49,Retail,V1
T00021,2024-04-12,2025-01-01,P1002,Phone,Electronics,Berlin Warehouse,north america,S04,Supplier D,939,802,574,292,1216.02,23,Air,1505180.88,Wholesale,V1
T00022,29/04/2025,2025-05-03,P1013,Sofa,Furniture,Hamburg WH,NA,S07,Supplier G,463,530,778,247,1340.99,5,Sea,1050123.87,Wholesale,V2
T00023,2024-02-25,2024-03-13,P1011,Router,Electronics,Berlin WH,N. America,S02,Supplier B,369,415,618,181,652.12,0,Air,452658.2,Retail,V3
T00024,2025-04-04,2025-04-19,P1003,Tablet,Electronics,Berlin Warehouse,North America,S07,Supplier G,160,181,786,243,197.4,10,Sea,47746.29,Retail,V1
T00025,2025-10-29,25/11/2025,P1009,Keyboard,Electronics,Berlin Warehouse,Europe,S01,Supplier A,483,480,801,197,1060.47,26,Sea,689495.9,Wholesale,V1
T00026,2025-02-14,2025-02-26,P1015,Lamp,Home,Hamburg WH,NA,S01,Supplier A,457,497,281,234,441.56,14,Sea,247067.38,Wholesale,V2
T00027,14/12/2025,2025-12-24,P1012,Camera,Electronics,Berlin Warehouse,North America,S08,Supplier H,744,907,1315,229,432.4,8,Road,680752.4,Retail,V3
T00028,2024-11-17,2024-12-10,P1001,Laptop,Electronics,Munich WH,N. America,S01,Supplier A,-827,831,594,449,1478.76,17,Air,1559949.18,Retail,V1
T00029,2024-11-03,2024-04-10,P1010,Mouse,Electronics,Hamburg WH,North America,S02,Supplier B,570,637,887,495,1097.76,29,Road,949227.03,Retail,V3
T00030,2025-08-31,2025-09-30,P1001,Laptop,Electronics,Munich WH,north america,S02,Supplier B,,868,1048,364,153.63,23,Sea,224657.73,Wholesale,V1
T00031,2025-11-16,2025-11-30,P1012,Camera,Electronics,Berlin Warehouse,NA,S06,Supplier F,637,781,558,272,894.52,10,Sea,1099834.2,Wholesale,V1
T00032,2024-01-10,30/01/2024,P1008,Monitor,Electronics,Munich WH,NA,S02,Supplier B,446,501,608,187,974.86,19,Air,596858.33,Wholesale,V1
T00033,2024-09-07,29/09/2024,P1006,Desk,Furniture,BERLIN WH,north america,S05,Supplier E,691,589,1087,230,223.53,16,Road,176258.25,Retail,V3
T00034,21/07/2025,2025-07-30,P1005,Printer,Electronics,Berlin WH,north america,S02,Supplier B,486,457,839,218,1229.49,10,Air,836432.79,Wholesale,V2
T00035,2025-11-09,2025-12-10,P1004,Headphones,Electronics,BERLIN WH,north america,S06,Supplier F,424,507,746,254,1347.88,23,Sea,1182439.01,Wholesale,V1
T00036,2024-04-04,2024-05-04,P1011,Router,Electronics,BERLIN WH,N. America,S07,Supplier G,307,327,997,291,1094.41,3,Road,618394.77,Wholesale,V1
T00037,2025-03-28,29/03/2025,P1009,Keyboard,Electronics,Berlin WH,N. America,S07,Supplier G,560,530,786,437,144.53,2,Road,92927.62,Retail,V2
T00038,2025-08-19,2025-08-23,P1009,Keyboard,Electronics,BERLIN WH,NA,S03,Supplier C,584,727,,370,170.18,6,Air,193555.25,Wholesale,V1
T00039,2025-11-29,31/12/2025,P1004,Headphones,Electronics,Hamburg WH,north america,S02,Supplier B,1191,1123,818,331,351.92,26,Road,631747.11,Retail,V1
T00040,2024-06-15,2024-06-17,P1013,Sofa,Furniture,BERLIN WH,Europe,S03,Supplier C,449,409,417,361,981.46,2,Road,680183.84,Retail,V2
T00041,2024-06-12,2024-09-07,P1013,Sofa,Furniture,Hamburg WH,N. America,S02,Supplier B,500,598,1174,345,564.22,29,Air,433780.07,Wholesale,V2
T00042,2024-08-11,2024-11-18,P1014,Shelf,Furniture,Berlin Warehouse,Europe,S04,Supplier D,1057,1005,640,264,1196.32,2,Sea,1745556.73,Wholesale,V1
T00043,2024-12-10,15/11/2024,P1006,Desk,Furniture,BERLIN WH,North America,S07,,410,468,1380,497,1089.23,28,Air,660924.1,Wholesale,V1
T00044,17/08/2025,2025-11-09,P1005,Printer,Electronics,BERLIN WH,NA,S01,,613,705,665,205,1411.88,21,Sea,1759574.87,Retail,V2
T00045,2025-08-13,2025-09-10,P1004,Headphones,Electronics,Berlin WH,north america,S05,Supplier E,542,673,878,172,1393.91,24,Road,1313087.69,Retail,V2
T00046,2025-03-17,2025-04-06,P1002,Phone,Electronics,Berlin WH,NA,S06,Supplier F,424,445,894,469,1279.68,12,Road,752734.91,Wholesale,V3
T00047,2025-02-22,2025-03-13,P1006,Desk,Furniture,Berlin Warehouse,Europe,S07,Supplier G,616,525,,301,1050.12,19,Road,826441.79,Wholesale,V3
T00048,27/06/2024,14/07/2024,P1010,Mouse,Electronics,BERLIN WH,NA,S05,Supplier E,630,527,497,357,227.32,19,Air,175243.67,Wholesale,V3
T00049,13/09/2025,2025-04-10,P1011,Router,Electrnics,Berlin Warehouse,north america,S06,Supplier F,800,742,840,388,1059.68,16,Sea,1062773.95,Retail,V3
T00050,27/03/2024,2024-04-25,P1005,Printer,Electronics,BERLIN WH,N. America,S06,Supplier F,683,608,549,197,1303.27,28,Air,1378175.68,Retail,V1
T00051,17/02/2024,2024-03-16,P1004,Headphones,Electronics,Hamburg WH,Europe,S08,Supplier H,627,561,1663,462,981.95,29,Road,876648.03,Retail,V3
T00052,14/12/2025,23/12/2025,P1007,Chair,Furniture,Berlin WH,North America,S08,Supplier H,866,927,744,354,575.86,9,Sea,622323.2,Retail,V1
T00053,2025-12-13,2026-02-01,P1009,Keyboard,Electronics,Berlin WH,Europe,S08,Supplier H,829,841,720,175,823.11,19,Air,900306.88,Wholesale,V3
T00054,27/06/2025,2025-07-24,P1009,Keyboard,Electronics,Hamburg WH,north america,S06,,366,450,720,376,1237.45,0,Sea,752938.89,Retail,V3
T00055,2025-05-01,2025-06-06,P1008,Monitor,Electronics,BERLIN WH,north america,S05,Supplier E,,507,430,276,339.42,28,Sea,264328.02,Retail,V2
T00056,2025-03-26,2025-08-04,P1002,Phone,Electronics,BERLIN WH,north america,S05,Supplier E,829,786,1160,270,1094.62,10,Air,1534125.05,Retail,V1
T00057,2024-08-24,2024-09-01,P1007,Chair,Furniture,Hamburg WH,NA,S03,Supplier C,509,456,746,259,420.83,4,Road,270054.89,Wholesale,V2
T00058,2024-03-04,2024-10-04,P1004,Headphones,Electronics,Berlin WH,north america,S07,Supplier G,353,407,1115,349,251.53,30,Sea,130542.61,Wholesale,V1
T00059,2024-12-26,2025-01-20,P1005,Printer,Electronics,Munich WH,N. America,S07,Supplier G,1182,1111,801,364,434.3,19,Sea,853268.66,Retail,V2
T00060,2025-03-22,2025-04-11,P1008,Monitor,Electronics,Hamburg WH,N. America,S01,,569,545,1112,349,641.01,12,Sea,444866.95,Retail,V3
T00061,2025-06-30,2025-07-28,P1001,Laptop,Electronics,Berlin WH,North America,S07,Supplier G,525,652,523,453,191.79,20,Road,141578.54,Wholesale,V1
T00062,2025-04-17,2025-05-04,P1003,Tablet,Electronics,Berlin Warehouse,Europe,S01,Supplier A,395,471,-20,283,747.59,14,Sea,504027.9,Wholesale,V2
T00063,2024-11-10,2024-11-07,P1013,Sofa,Furniture,Hamburg WH,North America,S07,Supplier G,449,469,388,279,931.46,28,Road,674750.78,Retail,V2
T00064,2024-08-17,2024-08-18,P1011,Router,Electrnics,Berlin Warehouse,N. America,S02,Supplier B,718,684,583,483,764.64,3,Air,888884.32,Retail,V1
T00065,2024-05-09,2024-05-22,P1008,Monitor,Electronics,BERLIN WH,NA,S02,Supplier B,316,382,815,438,970.78,8,Air,414803.74,Retail,V1
T00066,14/11/2024,2024-12-12,P1002,Phone,Electronics,Hamburg WH,Europe,S01,Supplier A,1006,977,731,309,594.49,20,Road,900441.19,Retail,V1
T00067,2025-08-29,2025-09-24,P1012,Camera,Electronics,Munich WH,North America,S04,Supplier D,1123,955,211,202,591.43,24,Road,1001324.05,Retail,V2
T00068,29/06/2025,2025-07-25,P1007,Chair,Furniture,BERLIN WH,North America,S06,Supplier F,,441,751,185,1270.42,18,Sea,625407.5,Wholesale,V1
T00069,19/03/2025,2025-03-04,P1006,Desk,Furniture,Munich WH,NA,S08,Supplier H,363,429,912,228,1051.17,15,Road,694583.22,Wholesale,V2
T00070,22/03/2025,2025-04-21,P1014,Shelf,Furniture,Berlin WH,NA,S05,Supplier E,608,543,845,315,437.41,29,Sea,290766.01,Retail,V2
T00071,2025-06-08,2025-08-13,P1010,Mouse,Electronics,BERLIN WH,N. America,S07,Supplier G,943,789,852,322,630.67,2,Sea,676939.48,Retail,V2
T00072,2024-09-21,2024-10-17,P1006,Desk,Furniture,Munich WH,North America,S05,Supplier E,725,619,990,455,1290.45,24,Road,1118540.27,Retail,V1
T00073,2024-09-04,24/09/2024,P1012,Camera,Electronics,Hamburg WH,Europe,S07,Supplier G,672,799,903,400,1355.78,19,Sea,1574721.73,Retail,V1
T00074,28/10/2024,16/11/2024,P1004,Headphones,Electronics,Munich WH,NA,S07,Supplier G,506,437,937,274,596.02,11,Sea,288482.76,Wholesale,V2
T00075,17/07/2025,29/07/2025,P1006,Desk,Furniture,BERLIN WH,N. America,S06,Supplier F,634,538,667,382,868.69,10,Air,720795.44,Retail,V2
T00076,2024-05-02,2024-05-15,P1012,Camera,Electrnics,BERLIN WH,north america,S03,Supplier C,264,284,588,248,1015.33,8,Road,469054.09,Wholesale,V1
T00077,2024-07-17,2024-07-26,P1005,Printer,Electronics,Berlin WH,north america,S04,Supplier D,480,574,857,334,751.74,7,Air,492034.21,Wholesale,V1
T00078,2024-02-25,2024-03-23,P1009,Keyboard,Electronics,Berlin WH,North America,S05,Supplier E,287,249,1142,214,539.35,22,Road,158733.28,Wholesale,V2
T00079,2025-05-05,2025-10-05,P1008,Monitor,Electronics,Hamburg WH,North America,S06,Supplier F,574,549,559,244,169.66,3,Air,107941.47,Wholesale,V2
T00080,2024-03-16,29/03/2024,P1010,Mouse,Electronics,BERLIN WH,North America,S01,Supplier A,505,448,750,227,1065.24,6,Air,552125.59,Retail,V3
T00081,2025-03-02,2025-03-21,P1010,Mouse,Electronics,Hamburg WH,NA,S04,Supplier D,366,326,348,417,1421.93,14,Road,829846.09,Wholesale,V2
T00082,2025-08-05,29/08/2025,P1010,Mouse,Electronics,Berlin Warehouse,N. America,S01,Supplier A,516,620,1040,462,1170.18,25,Sea,1081652.89,Retail,V1
T00083,2024-02-09,2024-08-09,P1003,Tablet,Electronics,Hamburg WH,north america,S02,Supplier B,677,802,660,230,749.09,2,Sea,665621.85,Wholesale,V1
T00084,25/08/2024,2024-09-06,P1005,Printer,Electronics,Berlin Warehouse,NA,S05,Supplier E,523,618,,382,193.94,4,Road,186308.15,Retail,V2
T00085,2024-04-27,2024-05-05,P1009,Keyboard,Electronics,Berlin Warehouse,North America,S04,Supplier D,665,562,1083,481,574.81,6,Air,419955.69,Retail,V2
T00086,2025-01-09,2025-09-11,P1012,Camera,Electronics,BERLIN WH,Europe,S05,Supplier E,779,658,814,374,37.99,5,Sea,44468.29,Wholesale,V2
T00087,23/03/2024,2024-04-20,P1010,Mouse,Electronics,Munich WH,NA,S01,Supplier A,436,526,703,371,839.7,25,Air,785536.99,Retail,V1
T00088,2025-11-21,21/12/2025,P1014,Shelf,Furniture,Munich WH,North America,S01,,1264,1173,801,494,692.72,28,Air,1250766.88,Wholesale,V3
T00089,2025-10-29,2025-11-22,P1008,Monitor,Electronics,Hamburg WH,North America,S05,Supplier E,494,604,745,242,435.83,20,Sea,464696.75,Wholesale,V2
T00090,2024-12-07,2024-12-23,P1006,Desk,Furniture,Hamburg WH,NA,S02,Supplier B,,886,944,232,430.52,12,Road,469814.74,Wholesale,V3
T00091,2024-02-07,2024-02-20,P1008,Monitor,Electronics,Berlin WH,Europe,S02,Supplier B,253,245,568,311,135.05,10,Road,58964.01,Retail,V3
T00092,2025-07-09,2025-07-23,P1008,Monitor,Electrnics,BERLIN WH,north america,S07,Supplier G,303,270,790,177,1033.4,8,Sea,338680.94,Wholesale,V1
T00093,2024-07-27,2024-08-17,P1005,Printer,Electronics,Berlin WH,North America,S03,Supplier C,400,341,1157,297,1301.77,16,Road,502344.84,Retail,V3
T00094,2024-06-11,2024-06-25,P1005,Printer,Electronics,Berlin Warehouse,North America,S01,Supplier A,,491,629,432,1481.17,15,Sea,876553.87,Retail,V3
T00095,2024-06-06,2024-07-02,P1008,Monitor,Electronics,Hamburg WH,Europe,S05, Supplier A ,349,294,,410,1266.34,24,Sea,628013.52,Retail,V2
T00096,18/07/2025,2025-08-14,P1003,Tablet,Electronics,Berlin Warehouse,North America,S07,Supplier G,186,205,474,247,103.44,21,Sea,36161.35,Wholesale,V2
T00097,2025-03-06,2025-06-30,P1005,Printer,Electronics,Munich WH,north america,S01,Supplier A,553,500,711,294,1418.25,25,Road,1201791.84,Wholesale,V1
T00098,2025-02-04,2025-04-20,P1009,Keyboard,Electronics,Munich WH,Europe,S08,Supplier H,393,462,300,326,1432,12,Sea,1008467.21,Wholesale,V1
T00099,15/12/2025,2026-01-17,P1004,Headphones,Electronics,Berlin WH,NA,S07,Supplier G,1031,985,418,269,550.08,29,Road,639081.82,Wholesale,V3
T00100,2025-01-25,2025-01-28,P1007,Chair,Furniture,Munich WH,north america,S03,Supplier C,586,529,1211,403,789.84,3,Sea,708852.03,Retail,V2
T00101,2024-04-12,2024-07-05,P1009,Keyboard,Electronics,Hamburg WH,N. America,S08,Supplier H,859,747,1138,157,617.15,25,Air,550359.91,Wholesale,V2
T00102,2024-12-12,2024-12-19,P1010,Mouse,Electronics,Munich WH,Europe,S07,,954,1078,919,482,221.83,4,Sea,265480.69,Wholesale,V3
T00103,2024-02-06,2024-07-03,P1010,Mouse,Electronics,BERLIN WH,N. America,S02,Supplier B,599,627,260,270,667.46,22,Road,725218.82,Retail,V2
T00104,2024-10-04,2024-04-19,P1013,Sofa,Furniture,Berlin WH,North America,S02,Supplier B,583,524,157,377,606.88,7,Sea,488284.36,Retail,V2
T00105,2025-01-02,2025-01-17,P1006,Desk,Furniture,Hamburg WH,north america,S07,Supplier G,290,295,686,224,1470.45,9,Road,626743.49,Retail,V1
T00106,2024-06-28,2024-07-22,P1002,Phone,Electronics,Hamburg WH,north america,S07,Supplier G,568,634,339,467,132.28,23,Air,99818.07,Retail,V2
T00107,15/10/2025,2025-11-05,P1005,Printer,Electronics,Hamburg WH,NA,S08,Supplier H,473,543,465,280,531.59,23,Road,498721.4,Retail,V1
T00108,2025-03-28,2025-04-14,P1006,Desk,Furniture,Hamburg WH,NA,S05,Supplier E,648,746,620,477,304.59,15,Air,256446.99,Wholesale,V2
T00109,2024-04-19,2024-05-09,P1004,Headphones,Electronics,BERLIN WH,NA,S07, Supplier A ,379,436,501,442,151.28,13,Air,78123.73,Wholesale,V2
T00110,2024-01-09,2024-08-02,P1010,Mouse,Electronics,BERLIN WH,N. America,S01,Supplier A,309,327,652,460,765.06,25,Road,396095.57,Wholesale,V1
T00111,13/10/2025,16/11/2025,P1004,Headphones,Electronics,Berlin Warehouse,North America,S05,Supplier E,478,416,753,497,1382.89,26,Road,657406.41,Retail,V2
T00112,2025-03-27,2025-04-02,P1001,Laptop,Electronics,BERLIN WH,Europe,S06,Supplier F,661,602,544,217,293.09,4,Air,219940.54,Retail,V1
T00113,2025-07-06,26/07/2025,P1015,Lamp,Home,Berlin Warehouse,NA,S06,Supplier F,488,466,124,421,565.99,18,Sea,375522.38,Wholesale,V3
T00114,2024-12-12,2024-12-16,P1013,Sofa,Furniture,Berlin Warehouse,Europe,S02,Supplier B,1160,1002,453,389,777.28,4,Road,1146817.88,Wholesale,V1
T00115,2025-08-02,2025-02-18,P1001,Laptop,Electronics,BERLIN WH,NA,S05,Supplier E,490,484,461,424,378.86,5,Road,236264.52,Wholesale,V3
T00116,2025-01-15,2025-01-24,P1002,Phone,Electronics,Munich WH,NA,S04,Supplier D,443,477,688,391,332.94,2,Road,211101.06,Retail,V3
T00117,2024-05-03,2024-03-31,P1011,Router,Electronics,Berlin WH,N. America,S08,Supplier H,783,702,920,304,757.69,22,Air,617451.15,Retail,V2
T00118,19/05/2025,24/06/2025,P1002,Phone,Electronics,Berlin Warehouse,Europe,S02,Supplier B,860,784,953,270,658.86,30,Sea,614331.65,Wholesale,V3
T00119,14/12/2025,2026-08-01,P1009,Keyboard,Electronics,Hamburg WH,North America,S07,Supplier G,840,794,354,450,864.75,25,Sea,926422.72,Wholesale,V2
T00120,2024-03-02,2024-02-24,P1012,Camera,Electronics,Berlin Warehouse,NA,S06,Supplier F,450,503,731,261,170.64,16,Air,103599.25,Wholesale,V3
T00121,2025-10-22,2025-11-02,P1006,Desk,Furniture,Berlin WH,Europe,S01,Supplier A,368,421,578,353,441.94,10,Air,227242.54,Retail,V3
T00122,2025-10-16,2025-11-15,P1010,Mouse,Electronics,Berlin Warehouse,N. America,S01,Supplier A,237,199,871,175,185.82,27,Road,50974.38,Retail,V1
T00123,21/07/2025,2025-08-02,P1004,Headphones,Electronics,Munich WH,North America,S04,Supplier D,373,430,888,269,1009.59,12,Sea,759960.97,Retail,V1
T00124,2025-07-07,2025-07-28,P1005,Printer,Electronics,Berlin Warehouse,North America,S03,Supplier C,679,745,,206,1158.85,23,Sea,1062715.65,Retail,V3
T00125,2024-11-27,2024-11-30,P1001,Laptop,Electronics,Hamburg WH,north america,S03,Supplier C,810,808,,285,378.77,3,Air,361252.53,Retail,V2
T00126,2025-04-04,23/04/2025,P1013,Sofa,Furniture,Hamburg WH,north america,S06,Supplier F,327,317,899,412,248.46,20,Air,113164.83,Retail,V3
T00127,2025-05-11,25/11/2025,P1009,Keyboard,Electronics,Berlin WH,Europe,S05,Supplier E,767,821,711,384,218.93,22,Sea,205689.46,Wholesale,V3
T00128,2024-04-20,19/05/2024,P1008,Monitor,Electronics,BERLIN WH,north america,S08,Supplier H,458,427,890,187,1145.14,30,Air,741748.88,Retail,V1
T00129,2024-10-08,2024-04-11,P1010,Mouse,Electronics,BERLIN WH,Europe,S06,Supplier F,190,203,500,345,1395.7,21,Road,476395.7,Wholesale,V1
T00130,2025-12-19,2026-05-01,P1002,Phone,Electronics,Hamburg WH,NA,S04,Supplier D,802,920,722,370,118.41,16,Sea,176345.85,Wholesale,V2
T00131,2024-04-07,2024-02-05,P1006,Desk,Furniture,BERLIN WH,N. America,S07,Supplier G,547,640,763,310,1197,23,Road,950811.86,Wholesale,V1
T00132,2024-04-03,17/04/2024,P1014,Shelf,Furniture,BERLIN WH,N. America,S02,Supplier B,519,461,620,197,1004.49,15,Road,678927.97,Retail,V3
T00133,2025-07-29,2025-08-07,P1009,Keyboard,Electronics,BERLIN WH,Europe,S06,Supplier F,578,604,618,493,1228.57,5,Road,1044365.88,Retail,V2
T00134,2025-09-06,2025-02-10,P1005,Printer,Electronics,Berlin Warehouse,N. America,S06,Supplier F,568,618,142,203,1126.46,20,Road,1010746.47,Wholesale,V1
T00135,20/04/2024,2024-05-18,P1006,Desk,Furniture,Munich WH,N. America,S06,Supplier F,513,539,645,208,824.46,26,Sea,770797.49,Retail,V3
T00136,2025-11-04,13/11/2025,P1014,Shelf,Furniture,BERLIN WH,NA,S05,Supplier E,932,793,771,164,949.01,7,Sea,1004248.18,Retail,V1
T00137,2024-05-26,2024-06-09,P1010,Mouse,Electronics,Berlin WH,North America,S07,Supplier G,565,540,596,185,809.52,6,Road,754384.72,Retail,V2
T00138,2025-03-05,2025-03-20,P1008,Monitor,Electronics,BERLIN WH,north america,S06,Supplier F,407,441,800,230,387.76,13,Road,277153.87,Retail,V1
T00139,2024-06-08,2024-06-14,P1003,Tablet,Electronics,Hamburg WH,Europe,S01,Supplier A,561,508,580,495,1317.61,4,Sea,896560.17,Wholesale,V2
T00140,2024-06-10,2024-10-20,P1004,Headphones,Electronics,BERLIN WH,north america,S02,Supplier B,562,654,588,326,359.29,15,Sea,377271.47,Wholesale,V1
T00141,2024-08-13,2024-08-23,P1007,Chair,Furniture,Berlin Warehouse,N. America,S01,Supplier A,866,804,1038,153,823.23,8,Sea,844726.6,Wholesale,V2
T00142,2024-05-02,2024-05-09,P1001,Laptop,Electronics,Hamburg WH,north america,S08,,432,372,571,370,883.42,7,Road,453708.35,Retail,V3
T00143,2025-07-26,2025-08-07,P1014,Shelf,Furniture,Hamburg WH,North America,S06,Supplier F,497,578,686,186,887.62,14,Sea,746029.13,Retail,V2
T00144,2025-12-08,2025-08-29,P1007,Chair,Furniture,Berlin WH,Europe,S07,Supplier G,775,675,711,477,1399.54,15,Air,1412871.22,Wholesale,V1
T00145,2025-09-24,2025-10-08,P1008,Monitor,Electronics,Berlin Warehouse,Europe,S06,Supplier F,819,757,755,195,245.76,15,Road,279693.36,Wholesale,V3
T00146,21/03/2024,2024-04-02,P1007,Chair,Furniture,Berlin Warehouse,North America,S05,,371,339,1171,323,1402.86,9,Road,831247.03,Retail,V3
T00147,2025-06-06,2025-09-07,P1004,Headphones,Electronics,Berlin Warehouse,N. America,S06,Supplier F,454,381,668,329,1261.57,25,Air,570668.08,Retail,V2
T00148,2024-07-21,2024-07-25,P1003,Tablet,Electronics,Hamburg WH,Europe,S03,Supplier C,771,804,,485,101.05,4,Road,108431.6,Wholesale,V3
T00149,2025-08-01,13/08/2025,P1011,Router,Electronics,Hamburg WH,North America,S06,Supplier F,586,578,286,471,1381.39,12,Sea,1071864.14,Wholesale,V3
T00150,2024-11-06,2024-12-11,P1013,Sofa,Furniture,Munich WH,North America,S05,Supplier E,1031,1052,-20,452,352.42,3,Sea,525238.47,Wholesale,V2
T00151,2024-08-02,20/02/2024,P1001,Laptop,Electronics,Berlin WH,north america,S06,Supplier F,469,470,631,296,640.01,4,Road,523518.13,Wholesale,V2
T00152,2025-08-17,2025-09-20,P1009,Keyboard,Electronics,Berlin Warehouse,NA,S01,Supplier A,872,829,238,380,39.38,27,Road,51073.92,Wholesale,V3
T00153,2024-06-03,2024-07-03,P1001,Laptop,Electronics,Berlin WH,north america,S08,Supplier H,389,467,423,202,1495.37,27,Road,1013662.8,Retail,V1
T00154,2024-09-10,2024-10-04,P1012,Camera,Electronics,Munich WH,N. America,S08,Supplier H,679,618,-20,374,330.66,18,Sea,353243.51,Wholesale,V2
T00155,2025-01-31,2025-02-19,P1007,Chair,Furniture,BERLIN WH,North America,S06,Supplier F,351,431,563,497,718.66,21,Sea,463185.4,Retail,V3
T00156,2025-11-25,2025-12-28,P1007,Chair,Furniture,Munich WH,N. America,S05,Supplier E,1040,1066,35,279,613.13,25,Sea,975001.54,Retail,V3
T00157,2025-10-11,2025-12-10,P1003,Tablet,Electronics,Hamburg WH,N. America,S06,,982,858,607,308,1420.25,22,Road,1658865.6,Retail,V2
T00158,26/07/2025,2025-08-26,P1007,Chair,Furniture,Munich WH,North America,S06,Supplier F,-577,599,368,215,57.57,23,Road,41702.26,Wholesale,V3
T00159,2025-01-05,2025-01-13,P1001,Laptop,Electronics,BERLIN WH,Europe,S06,Supplier F,496,612,,308,348.52,7,Air,269124.51,Retail,V1
T00160,2024-06-07,2024-07-01,P1002,Phone,Electronics,Munich WH,North America,S05,Supplier E,445,511,667,201,986.06,18,Road,638274.65,Wholesale,V3
T00161,2024-05-14,2024-05-21,P1010,Mouse,Electronics,Munich WH,N. America,S07,Supplier G,512,471,606,228,1286.43,7,Road,1018625.49,Wholesale,V1
T00162,2025-02-24,2025-03-19,P1006,Desk,Furniture,Hamburg WH,N. America,S04,Supplier D,614,697,448,377,453.86,21,Road,546457.54,Retail,V2
T00163,2025-04-25,2025-05-25,P1015,Lamp,Home,Hamburg WH,Europe,S04,Supplier D,522,539,387,338,1341.15,23,Sea,1208807.27,Wholesale,V3
T00164,2025-06-24,2025-07-28,P1007,Chair,Furniture,Berlin Warehouse,NA,S03,Supplier C,334,351,-20,252,893.64,27,Air,403892.43,Wholesale,V2
T00165,2025-07-21,2025-08-18,P1015,Lamp,Home,BERLIN WH,North America,S02,Supplier B,353,346,1138,414,665.47,29,Air,300738.94,Wholesale,V2
T00166,2025-06-09,2025-06-23,P1003,Tablet,Electronics,BERLIN WH,North America,S07,Supplier G,689,616,692,196,649.32,9,Sea,446270.34,Retail,V2
T00167,2025-05-29,2025-06-05,P1006,Desk,Furniture,Berlin Warehouse,North America,S04,Supplier D,564,536,272,347,401.67,4,Sea,257826.51,Retail,V3
T00168,2025-10-27,2025-11-01,P1006,Desk,Furniture,Hamburg WH,N. America,S03,Supplier C,313,345,725,220,47.22,-10,Road,28346.32,Wholesale,V2
T00169,2025-09-22,2025-03-10,P1001,Laptop,Electronics,Berlin Warehouse,north america,S02,Supplier B,657,723,455,159,840.18,10,Road,945188.94,Wholesale,V1
T00170,22/10/2024,2024-10-26,P1004,Headphones,Electronics,Hamburg WH,north america,S05,,356,443,831,212,222.59,3,Sea,170592.04,Retail,V1
T00171,26/05/2025,20/06/2025,P1010,Mouse,Electronics,Berlin Warehouse,N. America,S01,Supplier A,551,530,945,473,1004.25,18,Sea,650817.01,Wholesale,V1
T00172,21/09/2025,2025-10-06,P1006,Desk,Furniture,Berlin WH,north america,S04,Supplier D,649,681,901,442,788,15,Sea,607933.08,Retail,V3
T00173,2025-11-07,2025-08-14,P1009,Keyboard,Electronics,Berlin WH,Europe,S01,Supplier A,468,562,518,349,912.67,29,Sea,652303.81,Wholesale,V3
T00174,17/01/2024,2024-02-03,P1006,Desk,Furniture,Berlin WH,north america,S02,,298,317,500,326,1084.19,-10,Road,449539.12,Wholesale,V1
T00175,15/02/2024,2024-03-01,P1006,Desk,Furniture,Hamburg WH,Europe,S06,Supplier F,411,386,1358,479,1406.51,7,Road,875610.11,Retail,V1
T00176,2024-05-03,17/03/2024,P1012,Camera,Electronics,Berlin WH,N. America,S08,Supplier H,469,572,320,168,754.62,11,Air,655142.88,Wholesale,V2
T00177,2025-06-11,2025-06-22,P1007,Chair,Furniture,Berlin Warehouse,NA,S08,Supplier H,536,637,524,279,131.2,3,Sea,134532.4,Retail,V3
T00178,2024-12-05,2024-12-24,P1005,Printer,Electronics,Hamburg WH,Europe,S02,Supplier B,1107,1137,,338,384.68,15,Sea,731901.22,Retail,V2
T00179,2025-12-09,18/12/2025,P1008,Monitor,Electronics,Hamburg WH,North America,S06,Supplier F,886,975,943,415,893.54,10,Sea,1178458.35,Retail,V3
T00180,2024-10-27,16/11/2024,P1006,Desk,Furniture,BERLIN WH,NA,S02,Supplier B,346,341,643,190,1311.96,12,Sea,721423.29,Wholesale,V1
T00181,2025-12-07,2025-12-13,P1008,Monitor,Electronics,Munich WH,Europe,S06,Supplier F,50000,967,970,378,1276.81,3,Sea,1573924.04,Retail,V1
T00182,2025-11-18,14/12/2025,P1011,Router,Electronics,Berlin Warehouse,North America,S07,Supplier G,855,716,685,336,1417.21,18,Air,1144199.68,Wholesale,V1
T00183,2024-05-09,2024-05-25,P1002,Phone,Electronics,Hamburg WH,north america,S04,Supplier D,,551,751,480,860.56,13,Air,825452.45,Retail,V3
T00184,2025-04-05,2025-04-30,P1006,Desk,Furniture,Munich WH,N. America,S06,Supplier F,657,553,646,377,1417.51,26,Road,1122481.27,Wholesale,V2
T00185,2024-11-17,2024-11-20,P1011,Router,Electronics,Berlin Warehouse,Europe,S05,Supplier E,837,903,707,277,1246.79,5,Road,1267602.07,Wholesale,V3
T00186,2024-04-30,15/05/2024,P1005,Printer,Electronics,BERLIN WH,Europe,S05,Supplier E,280,331,825,378,133.89,8,Air,70349.84,Retail,V1
T00187,2024-03-16,2024-03-28,P1008,Monitor,Electronics,BERLIN WH,NA,S03,Supplier C,536,650,476,377,486.63,4,Road,467392.8,Retail,V3
T00188,2025-09-07,2025-10-08,P1005,Printer,Electronics,Berlin Warehouse,NA,S05,Supplier E,442,421,960,230,1331.25,24,Road,858116.94,Retail,V1
T00189,2024-07-24,25/08/2024,P1013,Sofa,Electronic,Berlin WH,NA,S03,Supplier C,598,509,966,271,1202.2,27,Road,1100570.73,Wholesale,V2
T00190,2025-07-18,2025-08-02,P1003,Tablet,Electrnics,Hamburg WH,north america,S02,Supplier B,,646,529,183,730.22,11,Sea,726100.08,Wholesale,V3
T00191,2024-03-16,2024-03-25,P1003,Tablet,Electronics,Hamburg WH,north america,S06,Supplier F,431,446,1063,478,1111.62,4,Sea,628227.85,Retail,V3
T00192,17/10/2025,2025-11-07,P1010,Mouse,Electronics,Berlin WH,North America,S03,Supplier C,50000,463,498,216,458.54,15,Road,268251.53,Retail,V2
T00193,17/06/2024,2024-07-06,P1003,Tablet,Electronics,BERLIN WH,North America,S06,Supplier F,472,495,758,265,1025.88,13,Sea,636173.81,Retail,V3
T00194,2025-07-18,2025-08-05,P1005,Printer,Electronics,Munich WH,North America,S03,Supplier C,552,480,493,470,1418.2,11,Road,971533.52,Retail,V3
T00195,2025-08-17,2025-09-14,P1003,Tablet,Electrnics,BERLIN WH,north america,S03,Supplier C,676,565,795,487,362.87,21,Air,360819.94,Retail,V1
T00196,2024-02-16,2024-03-02,P1011,Router,electronics,Hamburg WH,north america,S05,Supplier E,643,640,1105,483,361.39,8,Road,282998.93,Retail,V2
T00197,2025-10-04,20/10/2025,P1009,Keyboard,Electronics,Berlin Warehouse,Europe,S05,Supplier E,472,425,561,478,538.19,11,Sea,260865.1,Wholesale,V1
T00198,2025-12-06,2025-12-26,P1001,Laptop,Electronics,Hamburg WH,N. America,S03,Supplier C,943,855,406,375,1050.11,15,Sea,1084350.62,Retail,V2
T00199,2024-11-22,2024-12-01,P1012,Camera,Electronics,Munich WH,north america,S06,Supplier F,740,833,858,354,814.72,6,Air,1028211.9,Wholesale,V1
T00200,22/04/2025,2025-01-05,P1002,Phone,Electronics,Berlin WH,North America,S05,Supplier E,459,399,741,380,413.09,9,Sea,196248.12,Wholesale,V3
T00201,2025-03-04,27/03/2025,P1004,Headphones,Electronics,Berlin Warehouse,N. America,S03,Supplier C,567,534,783,317,835.27,20,Sea,517796.95,Wholesale,V2
T00202,2024-11-11,2024-12-01,P1008,Monitor,Electronics,Hamburg WH,N. America,S01,Supplier A,623,690,385,196,1090.66,14,Air,1089032.71,Wholesale,V1
T00203,21/02/2024,2024-03-30,P1005,Printer,Electronics,Hamburg WH,NA,S08,Supplier H,498,437,755,455,752.82,30,Road,472553.72,Retail,V1
T00204,17/03/2025,2025-04-16,P1003,Tablet,Electronics,BERLIN WH,North America,S05,Supplier E,604,644,785,337,1023.46,26,Sea,986034.08,Retail,V3
T00205,2025-07-29,2025-08-08,P1004,Headphones,Electronics,Hamburg WH,north america,S06,Supplier F,637,570,610,433,994.51,11,Sea,961076.67,Wholesale,V3
T00206,2025-11-27,2025-06-12,P1010,Mouse,Electrnics,BERLIN WH,NA,S02,Supplier B,1075,948,878,215,1052.26,5,Road,1572225.25,Wholesale,V1
T00207,2024-07-22,2024-07-23,P1010,Mouse,Electronics,Berlin WH,N. America,S07,Supplier G,574,665,862,406,1323.69,3,Road,1505489.77,Wholesale,V2
T00208,2025-06-15,2025-07-21,P1008,Monitor,Electronics,Berlin Warehouse,NA,S03,Supplier C,499,455,491,460,257.92,30,Road,196282.92,Wholesale,V1
T00209,2025-06-02,2025-02-24,P1010,Mouse,Electronics,Munich WH,north america,S05,Supplier E,403,503,1019,453,444.82,12,Sea,342742.69,Wholesale,V2
T00210,18/01/2024,27/01/2024,P1006,Desk,Furniture,Munich WH,NA,S06,Supplier F,453,502,722,494,958.33,5,Road,711033.77,Retail,V3
T00211,2025-04-30,2025-05-25,P1005,Printer,Electronics,Berlin Warehouse,north america,S04,Supplier D,,463,754,176,821.07,20,Road,674431.59,Wholesale,V1
T00212,2025-11-28,21/12/2025,P1004,Headphones,Electronics,Berlin Warehouse,North America,S01,Supplier A,1225,1045,339,443,171.71,24,Sea,315102.04,Wholesale,V2
T00213,2024-06-04,29/06/2024,P1007,Chair,Electrnics,Hamburg WH,North America,S04,Supplier D,410,446,748,360,1068.09,18,Road,546463.53,Retail,V3
T00214,31/07/2024,2024-08-23,P1009,Keyboard,Electronics,Hamburg WH,NA,S06,Supplier F,295,282,941,489,87.7,17,Air,42292.57,Wholesale,V3
T00215,2024-12-16,2025-01-19,P1009,Keyboard,Electronics,BERLIN WH,north america,S06,Supplier F,917,832,794,496,56.39,26,Sea,52334.7,Retail,V1
T00216,2024-10-12,2024-10-25,P1009,Keyboard,Electronics,Berlin Warehouse,Europe,S05,Supplier E,536,484,191,265,1031.28,11,Sea,704850.84,Wholesale,V2
T00217,27/07/2025,2025-08-08,P1015,Lamp,Home,Munich WH,Europe,S05,Supplier E,282,326,150,297,1196.32,5,Sea,618375.76,Wholesale,V1
T00218,24/10/2024,2024-11-11,P1001,Laptop,Electronics,BERLIN WH,Europe,S05,Supplier E,576,634,1027,190,1427.28,13,Air,1091069.2,Retail,V3
T00219,2024-10-04,16/10/2024,P1015,Lamp,Home,Munich WH,N. America,S05,Supplier E,559,578,675,220,965.02,5,Air,768799.29,Retail,V3
T00220,2025-06-27,2025-06-07,P1004,Headphones,Electronics,BERLIN WH,Europe,S04,Supplier D,541,607,648,176,335.39,5,Air,228376.73,Retail,V1
T00221,17/07/2025,2025-08-13,P1015,Lamp,Home,Hamburg WH,N. America,S03,Supplier C,399,349,1060,358,720.35,22,Sea,446926.5,Wholesale,V2
T00222,23/10/2025,2025-11-13,P1001,Laptop,Electronics,Munich WH,North America,S02,Supplier B,,532,642,483,1160.96,20,Air,1044628.64,Wholesale,V1
T00223,2024-02-07,16/02/2024,P1014,Shelf,Furniture,Berlin WH,North America,S07,Supplier G,491,577,1032,403,68.14,7,Sea,68591.8,Retail,V2
T00224,2024-10-18,22/11/2024,P1008,Monitor,Electrnics,Hamburg WH,NA,S08, Supplier A ,644,649,822,218,193.62,29,Air,149236.86,Retail,V2
T00225,2024-06-15,2024-06-25,P1012,Camera,Electronics,Berlin WH,NA,S08,Supplier H,367,418,1150,481,747.56,10,Sea,357772.9,Retail,V1
T00226,2025-09-17,2025-08-10,P1014,Shelf,Furniture,Berlin WH,Europe,S07,,569,509,841,368,479.34,18,Road,346128.99,Retail,V1
T00227,23/05/2024,2024-05-27,P1008,Monitor,Electronics,Hamburg WH,N. America,S06,Supplier F,462,445,94,277,451.66,2,Sea,318866.02,Wholesale,V2
T00228,2024-05-11,2024-11-30,P1010,Mouse,Electronics,Berlin Warehouse,North America,S01,Supplier A,770,944,819,283,731.15,22,Road,809922.54,Retail,V2
T00229,2024-11-10,2024-12-12,P1003,Tablet,Electronics,Berlin WH,NA,S07,Supplier G,941,899,410,407,1059.65,30,Sea,1421082.75,Retail,V1
T00230,2024-05-16,17/06/2024,P1008,Monitor,Electronics,BERLIN WH,Europe,S03,,370,394,709,382,69.14,25,Road,31463.67,Wholesale,V3
T00231,2025-11-11,2025-12-11,P1014,Shelf,Furniture,Berlin WH,north america,S04,Supplier D,800,779,629,276,1040.41,23,Sea,1345728.64,Wholesale,V1
T00232,2025-07-31,2025-09-05,P1002,Phone,Electronics,Berlin Warehouse,north america,S01,Supplier A,370,440,588,430,961.92,30,Road,674877.8,Retail,V1
T00233,2024-12-01,25/12/2024,P1014,Shelf,Furniture,Munich WH,Europe,S08,Supplier H,982,907,538,209,1309.03,23,Air,1899499.13,Wholesale,V1
T00234,2025-04-09,27/04/2025,P1003,Tablet,Electronics,Munich WH,Europe,S07,Supplier G,484,430,972,383,138.57,20,Road,102866.03,Wholesale,V3
T00235,2024-01-23,2024-02-18,P1007,Chair,Furniture,Munich WH,North America,S05,Supplier E,645,658,749,151,972.49,25,Air,939679.22,Wholesale,V2
T00236,18/12/2025,2026-01-02,P1002,Phone,Electronics,BERLIN WH,Europe,S01,Supplier A,704,855,751,185,385.71,17,Air,399590.74,Retail,V3
T00237,2025-10-23,2025-11-12,P1007,Chair,electronics,Hamburg WH,North America,S06,Supplier F,548,461,,345,518.61,16,Road,293465.56,Retail,V3
T00238,2024-12-22,2025-01-11,P1002,Phone,Electrnics,Berlin Warehouse,N. America,S03,Supplier C,973,974,982,425,841.94,-10,Air,1314901.29,Retail,V2
T00239,19/04/2025,2025-05-04,P1011,Router,Electronics,Berlin Warehouse,Europe,S07,Supplier G,443,504,730,422,1026.74,-10,Sea,595377.37,Retail,V2
T00240,2024-07-12,2024-08-16,P1015,Lamp,Home,Hamburg WH,north america,S02, Supplier A ,687,630,672,166,1119.21,27,Air,985623.96,Retail,V1
T00241,2024-09-03,2024-04-07,P1002,Phone,Electronics,Berlin WH,N. America,S01,Supplier A,420,352,333,378,79.36,21,Road,47682.39,Retail,V2
T00242,2025-03-25,2025-04-06,P1004,Headphones,Electronic,BERLIN WH,N. America,S04,Supplier D,340,312,1200,178,740.27,6,Road,395271.34,Wholesale,V3
T00243,2025-04-09,2025-09-15,P1013,Sofa,Furniture,Munich WH,N. America,S06,Supplier F,618,679,920,271,896.68,11,Sea,1058572.25,Wholesale,V2
T00244,2024-03-03,2024-03-30,P1009,Keyboard,Electronics,Munich WH,Europe,S03,Supplier C,592,563,386,470,1105.01,23,Air,741628.37,Wholesale,V3
T00245,2025-11-18,2025-12-03,P1007,Chair,Furniture,BERLIN WH,Europe,S06,Supplier F,836,959,765,363,371.56,15,Air,634252,Wholesale,V1
T00246,2024-08-18,2024-08-27,P1005,Printer,Electronics,Hamburg WH,Europe,S03,Supplier C,735,738,627,387,385.9,3,Road,486862.79,Retail,V2
T00247,2024-09-05,2024-09-26,P1005,Printer,Electronics,Hamburg WH,NA,S04,Supplier D,747,792,-12,319,897.57,22,Air,863334.56,Retail,V1
T00248,2024-01-10,2024-10-16,P1007,Chair,Furniture,Munich WH,N. America,S01,Supplier A,491,544,678,187,991.97,8,Sea,716432.85,Retail,V2
T00249,2024-11-06,2024-11-13,P1015,Lamp,Home,Hamburg WH,N. America,S01,Supplier A,1001,843,786,258,691.61,8,Road,737666.65,Retail,V2
T00250,2024-02-09,21/09/2024,P1009,Keyboard,Electronics,Munich WH,NA,S06,Supplier F,506,448,763,294,657.71,14,Sea,375418.76,Wholesale,V2
T00251,2025-06-09,2025-06-19,P1015,Lamp,Home,BERLIN WH,N. America,S08,Supplier H,589,680,912,388,268.08,5,Sea,205203.34,Wholesale,V2
T00252,2024-02-16,2024-02-20,P1010,Mouse,Electronics,Munich WH,north america,S04,,594,601,1005,224,1269.37,2,Road,1269427.67,Wholesale,V2
T00253,2024-06-05,2024-06-26,P1004,Headphones,Electronics,Berlin Warehouse,Europe,S06, Supplier A ,549,623,759,267,185.64,14,Road,149057.37,Wholesale,V2
T00254,2025-05-15,2025-05-25,P1012,Camera,Electronics,Berlin Warehouse,N. America,S08,Supplier H,593,505,528,385,78.23,7,Road,46833.63,Wholesale,V1
T00255,2025-07-09,2025-07-11,P1011,Router,Electronics,Berlin WH,North America,S01,Supplier A,543,587,679,418,770.71,3,Sea,510812.94,Retail,V3
T00256,2024-08-24,2024-07-09,P1002,Phone,Electronics,Hamburg WH,NA,S03,,821,716,813,154,693.01,8,Air,724900.05,Wholesale,V3
T00257,2025-05-14,2025-06-06,P1001,Laptop,Electronics,Berlin WH,North America,S01,Supplier A,641,750,665,422,64.36,19,Road,63501.64,Wholesale,V3
T00258,20/10/2024,2024-10-24,P1001,Laptop,Electronics,Munich WH,N. America,S07,Supplier G,,387,861,241,1455.47,5,Air,656617.39,Retail,V3
T00259,2025-06-23,2025-07-24,P1005,Printer,Electronics,Berlin WH,NA,S06,Supplier F,487,425,,286,282.18,27,Sea,190064.09,Wholesale,V3
T00260,2024-09-06,28/09/2024,P1012,Camera,Electronics,Berlin WH,North America,S04,Supplier D,728,696,1200,303,1305.98,23,Sea,1362922.12,Wholesale,V2
T00261,19/07/2025,2025-07-21,P1008,Monitor,Electronics,Berlin WH,Europe,S01,,560,632,996,476,995.15,2,Sea,865228.8,Wholesale,V3
T00262,2024-04-07,2024-04-22,P1015,Lamp,Home,Hamburg WH,NA,S01,Supplier A,432,407,774,267,1499.13,8,Air,691751.97,Retail,V3
T00263,2024-10-14,15/11/2024,P1015,Lamp,Home,Berlin WH,N. America,S01,Supplier A,564,492,782,241,1177.93,29,Road,867522.36,Retail,V3
T00264,2025-02-11,2025-02-25,P1015,Lamp,Home,Berlin Warehouse,north america,S02,Supplier B,545,567,788,303,504.01,7,Sea,447897.47,Wholesale,V2
T00265,2024-05-23,2024-06-20,P1013,Sofa,Furniture,Berlin WH,North America,S02,,639,571,875,406,664.66,25,Sea,634742.55,Retail,V1
T00266,2024-12-14,2024-12-24,P1010,Mouse,Electronics,BERLIN WH,Europe,S07,Supplier G,733,914,442,317,500.39,2,Sea,620414.59,Retail,V2
T00267,2025-07-20,2025-08-19,P1007,Chair,Furniture,Hamburg WH,North America,S07,Supplier G,,691,-20,245,684.07,23,Road,598561.32,Wholesale,V1
T00268,2025-12-31,2026-10-01,P1002,Phone,Electronics,Berlin Warehouse,Europe,S02,Supplier B,616,744,549,287,913.1,6,Sea,1065044.61,Wholesale,V1
T00269,2024-04-03,2024-04-18,P1001,Laptop,Electronics,Berlin WH,N. America,S05,Supplier E,396,417,1263,377,1297.73,13,Air,791900.77,Retail,V2
T00270,2025-04-04,2025-05-04,P1009,Keyboard,Electronics,BERLIN WH,north america,S07,Supplier G,416,445,695,202,582.69,2,Air,357616.25,Wholesale,V2
T00271,2024-01-13,2024-02-07,P1005,Printer,Electronics,Munich WH,N. America,S07,Supplier G,-648,622,1309,348,1152.03,26,Road,1196007.58,Retail,V3
T00272,24/01/2025,2025-02-06,P1003,Tablet,Electronics,Hamburg WH,N. America,S03,Supplier C,549,469,798,287,109.2,11,Air,89836.15,Retail,V2
T00273,2024-10-09,2024-11-04,P1007,Chair,Furniture,BERLIN WH,NA,S05,Supplier E,406,409,629,397,400.03,27,Air,212599.59,Wholesale,V3
T00274,2025-09-23,2025-10-01,P1004,Headphones,Electronics,Berlin WH,Europe,S08,Supplier H,828,816,545,204,480.74,6,Sea,599109.08,Wholesale,V2
T00275,2025-03-26,2025-04-16,P1006,Desk,Furniture,BERLIN WH,NA,S07,Supplier G,367,381,935,483,200.39,21,Road,93664.8,Retail,V2
T00276,17/11/2024,2024-12-06,P1003,Tablet,Electronics,Hamburg WH,north america,S07,Supplier G,790,783,837,313,1069.39,11,Air,983709.66,Wholesale,V2
T00277,2024-10-14,26/10/2024,P1014,Shelf,Furniture,Berlin Warehouse,north america,S07,Supplier G,365,308,-20,336,735.65,5,Road,377073.59,Retail,V3
T00278,2025-07-17,2025-08-04,P1001,Laptop,Electronics,Berlin WH,Europe,S08,Supplier H,452,430,715,257,1428.08,16,Road,934085.93,Wholesale,V1
T00279,2025-10-10,2025-11-02,P1005,Printer,Electronics,Hamburg WH,Europe,S04,Supplier D,450,505,710,279,333.83,23,Air,257543.76,Wholesale,V3
T00280,2025-05-05,2025-05-27,P1010,Mouse,Electronics,Munich WH,North America,S07,Supplier G,738,637,624,423,543.06,18,Sea,437880.46,Retail,V1
T00281,2024-09-11,2024-10-10,P1011,Router,Electronics,Berlin WH,north america,S06,Supplier F,692,613,923,235,647.13,22,Road,621727.34,Wholesale,V2
T00282,2025-03-16,27/03/2025,P1002,Phone,Electronics,Munich WH,north america,S01,Supplier A,517,528,504,200,888.18,10,Road,571009.19,Retail,V2
T00283,2025-01-18,2025-02-13,P1007,Chair,Furniture,Berlin Warehouse,NA,S08,Supplier H,510,576,803,497,161.66,20,Air,103968.57,Wholesale,V1
T00284,29/10/2024,2024-11-26,P1007,Chair,electronics,BERLIN WH,NA,S02,Supplier B,658,646,1105,209,363.28,28,Sea,322362.93,Wholesale,V1
T00285,17/06/2025,2025-06-27,P1008,Monitor,Electronics,Hamburg WH,NA,S06,Supplier F,584,489,1344,393,221.93,5,Air,172183.94,Wholesale,V1
T00286,2025-12-28,2026-01-18,P1002,Phone,Electronics,Berlin Warehouse,N. America,S01,Supplier A,790,727,221,325,1044.81,22,Road,1362589.14,Retail,V3
T00287,2024-06-12,2024-06-25,P1006,Desk,Furniture,Berlin Warehouse,N. America,S07,,516,568,1107,386,137.54,9,Road,90619.29,Wholesale,V2
T00288,2024-01-30,23/02/2024,P1012,Camera,Electronics,Hamburg WH,North America,S04,Supplier D,345,367,522,380,122.75,20,Road,65922.45,Retail,V1
T00289,2024-10-12,23/10/2024,P1013,Sofa,Furniture,Berlin Warehouse,NA,S02,Supplier B,608,528,311,445,983.3,5,Sea,764792.25,Retail,V2
T00290,2024-04-26,21/05/2024,P1005,Printer,Electronics,Munich WH,Europe,S08,Supplier H,383,359,391,420,1491.33,22,Road,836964.5,Wholesale,V3
T00291,2024-04-26,17/05/2024,P1006,Desk,electronics,BERLIN WH,north america,S06,Supplier F,690,700,804,384,109.01,21,Road,113972.73,Retail,V3
T00292,17/05/2024,2024-05-27,P1006,Desk,Furniture,Berlin Warehouse,NA,S02,Supplier B,386,381,,272,163.08,11,Road,87935.01,Retail,V3
T00293,2025-02-01,2025-02-19,P1007,Chair,Furniture,Berlin Warehouse,Europe,S03,Supplier C,438,411,1009,444,1197.27,14,Road,860656.41,Retail,V3
T00294,2024-06-19,2024-06-29,P1008,Monitor,Electronics,Hamburg WH,north america,S05,Supplier E,374,435,348,221,1488.88,7,Air,1132697.91,Wholesale,V1
T00295,2025-11-05,2025-06-05,P1003,Tablet,Electronics,Hamburg WH,Europe,S04,Supplier D,650,645,735,346,942.91,19,Road,706937.04,Wholesale,V2
T00296,28/12/2025,2026-03-01,P1014,Shelf,electronics,Munich WH,North America,S08,Supplier H,945,836,790,400,1177.4,7,Air,1571072.4,Wholesale,V1
T00297,2024-10-08,2024-11-08,P1004,Headphones,Electronics,Munich WH,Europe,S05,Supplier E,338,405,367,236,1406.7,26,Road,847540.88,Retail,V3
T00298,2024-04-26,2024-05-22,P1005,Printer,Electronics,Hamburg WH,north america,S06,Supplier F,389,398,299,427,908.88,28,Air,528484.9,Wholesale,V1
T00299,2025-10-31,2025-11-27,P1013,Sofa,Furniture,Hamburg WH,NA,S04,Supplier D,597,499,909,302,1280.11,29,Sea,795886.28,Retail,V2
T00300,2024-04-30,2024-06-03,P1013,Sofa,Furniture,BERLIN WH,north america,S04,Supplier D,514,447,991,257,1304.72,27,Road,970547.36,Wholesale,V1
T00301,2025-09-22,17/10/2025,P1003,Tablet,Electronics,Munich WH,NA,S04,Supplier D,515,619,948,255,616.41,27,Road,466060.31,Wholesale,V3
T00302,2025-07-05,2025-07-23,P1003,Tablet,Electronics,BERLIN WH,north america,S06,Supplier F,446,375,1028,299,968.64,11,Road,608694.49,Retail,V1
T00303,2025-02-25,2025-04-03,P1015,Lamp,Home,Berlin Warehouse,N. America,S01,Supplier A,517,496,904,291,1151.92,29,Air,698413.67,Retail,V3
T00304,2024-11-25,2024-12-14,P1014,Shelf,Furniture,Berlin Warehouse,north america,S04,Supplier D,511,596,715,496,563.95,14,Road,385765.2,Wholesale,V3
T00305,2025-02-28,2025-03-21,P1007,Chair,Furniture,Hamburg WH,north america,S08,Supplier H,600,506,832,188,660.1,22,Road,440316.59,Wholesale,V3
T00306,2025-01-12,2025-01-30,P1008,Monitor,Electronics,Berlin WH,Europe,S08,Supplier H,128,153,773,317,968.42,20,Road,185392.09,Wholesale,V1
T00307,2025-07-01,2025-07-30,P1007,Chair,Furniture,Hamburg WH,NA,S04,Supplier D,587,683,,369,110.8,28,Sea,124603.7,Wholesale,V2
T00308,2025-07-14,2025-08-17,P1010,Mouse,Electronics,BERLIN WH,North America,S03,Supplier C,499,417,684,439,105.52,29,Air,69810,Retail,V3
T00309,2025-04-15,2025-06-05,P1001,Laptop,Electronics,Berlin WH,Europe,S02,,458,426,624,230,112.19,16,Air,69614.98,Retail,V3
T00310,2024-11-05,30/11/2024,P1003,Tablet,Electronics,BERLIN WH,North America,S05,Supplier E,750,715,928,197,800.02,22,Sea,799823.78,Retail,V1
T00311,2025-02-09,2025-04-03,P1011,Router,Electronics,Berlin WH,North America,S05,Supplier E,317,335,643,269,632.91,15,Air,356048.35,Retail,V2
T00312,2024-03-20,17/04/2024,P1003,Tablet,Electronics,Berlin WH,North America,S04,Supplier D,486,605,890,415,635.91,23,Road,552827.88,Wholesale,V1
T00313,2025-08-03,13/03/2025,P1012,Camera,Electrnics,Hamburg WH,North America,S03,Supplier C,440,434,797,394,338.5,4,Road,162846.36,Retail,V1
T00314,2024-11-16,2024-11-30,P1006,Desk,Furniture,Berlin Warehouse,North America,S05,Supplier E,794,780,692,220,692.48,14,Road,913394.25,Retail,V3
T00315,2025-10-27,2025-11-22,P1003,Tablet,Electronics,Berlin Warehouse,Europe,S08,Supplier H,426,496,466,329,500.52,25,Road,401222.03,Wholesale,V1
T00316,29/03/2024,23/04/2024,P1015,Lamp,Electrnics,Munich WH,Europe,S02,Supplier B,213,223,588,221,699.98,26,Sea,257481.4,Wholesale,V2
T00317,2024-05-23,28/05/2024,P1004,Headphones,Electronics,Munich WH,north america,S05,Supplier E,450,419,959,480,667.65,4,Road,357589.93,Wholesale,V3
T00318,2024-01-28,2024-02-22,P1014,Shelf,Furniture,Munich WH,N. America,S05,Supplier E,515,489,930,255,995.84,18,Road,840786.52,Wholesale,V2
T00319,2025-10-23,2025-05-11,P1001,Laptop,Electronics,Berlin Warehouse,Europe,S04,Supplier D,542,656,1090,403,787.24,14,Road,622358.57,Retail,V3
T00320,2024-01-13,2024-03-02,P1006,Desk,Furniture,Hamburg WH,NA,S06,Supplier F,-546,510,1130,217,81.68,14,Road,48294.99,Retail,V2
T00321,2024-03-15,2024-03-26,P1001,Laptop,Electronics,Berlin WH,North America,S02,Supplier B,377,456,746,157,37.92,-10,Sea,30598.23,Wholesale,V3
T00322,30/12/2025,27/01/2026,P1009,Keyboard,Electronics,Berlin WH,north america,S07,Supplier G,,803,1024,366,537.56,24,Road,708897.98,Retail,V2
T00323,2024-03-26,2024-04-03,P1005,Printer,Electronics,Munich WH,NA,S02,Supplier B,325,374,834,411,165.63,8,Sea,96772.18,Retail,V2
T00324,16/12/2025,2025-12-24,P1007,Chair,Furniture,Hamburg WH,North America,S04,Supplier D,651,806,919,179,141.61,9,Sea,202879.92,Retail,V2
T00325,2025-11-13,2025-11-15,P1012,Camera,Electronics,Berlin WH,N. America,S03,Supplier C,1069,1019,,211,585.27,2,Sea,741898.04,Wholesale,V3
T00326,2025-06-13,2025-06-26,P1013,Sofa,Furniture,BERLIN WH,North America,S05,Supplier E,591,533,468,235,972.98,13,Air,762967.84,Wholesale,V2
T00327,2024-10-05,2024-11-05,P1009,Keyboard,Electronics,Berlin WH,Europe,S02,Supplier B,503,422,931,284,910.78,24,Sea,579481.64,Wholesale,V1
T00328,26/05/2025,2025-04-06,P1014,Shelf,Furniture,Berlin WH,north america,S03,Supplier C,625,589,848,338,209.58,7,Road,165016.52,Retail,V1
T00329,2025-06-05,2025-06-12,P1001,Laptop,Electronics,Hamburg WH,NA,S01,Supplier A,364,374,208,156,927.15,9,Sea,610340.3,Retail,V1
T00330,2024-02-06,2024-02-19,P1009,Keyboard,Electronics,Hamburg WH,NA,S07,Supplier G,387,441,617,264,1332.65,12,Sea,912148.01,Retail,V3
T00331,16/01/2025,2025-01-31,P1002,Phone,Electronics,Berlin WH,Europe,S01,Supplier A,690,603,554,241,1272.84,9,Air,1337982.54,Wholesale,V2
T00332,14/11/2024,2024-11-28,P1006,Desk,Furniture,BERLIN WH,N. America,S02,Supplier B,984,1000,496,433,1266.16,16,Sea,2038446.03,Wholesale,V3
T00333,29/09/2025,2025-10-24,P1004,Headphones,Electronics,Berlin Warehouse,north america,S08,Supplier H,678,779,993,338,826.64,20,Air,1152204.24,Retail,V1
T00334,2025-02-23,2025-03-16,P1001,Laptop,Electronics,Berlin WH,NA,S04,Supplier D,532,488,678,427,1230.32,13,Air,750169.76,Wholesale,V3
T00335,2024-11-10,2024-11-23,P1002,Phone,Electronics,Hamburg WH,North America,S04,Supplier D,1145,1048,705,421,822.51,9,Air,1304401.39,Wholesale,V1
T00336,2024-02-14,2024-03-03,P1015,Lamp,Home,Hamburg WH,North America,S04,Supplier D,279,272,719,416,1039.55,15,Road,483890.44,Retail,V3
T00337,2024-05-16,2024-12-06,P1011,Router,Electronics,Berlin WH,Europe,S07,Supplier G,565,654,868,188,703.11,20,Road,508821.03,Retail,V1
T00338,2024-10-25,21/11/2024,P1005,Printer,Electronics,BERLIN WH,Europe,S06,Supplier F,716,599,468,351,166.78,24,Sea,137968.18,Retail,V1
T00339,2024-07-26,31/07/2024,P1003,Tablet,Electronics,Hamburg WH,Europe,S02,Supplier B,439,430,847,229,1104.95,5,Sea,727511.92,Wholesale,V1
T00340,2025-07-02,18/07/2025,P1006,Desk,Furniture,BERLIN WH,North America,S04,Supplier D,487,438,422,381,840.26,11,Air,406184.54,Retail,V3
T00341,2024-07-11,2024-08-12,P1014,Shelf,Furniture,Berlin Warehouse,North America,S01,Supplier A,952,805,862,260,564.55,28,Road,603913.79,Retail,V2
T00342,2025-02-09,22/02/2025,P1009,Keyboard,Electronics,Berlin Warehouse,North America,S01,Supplier A,512,445,,496,1494.57,11,Sea,903061.67,Wholesale,V3
T00343,17/07/2025,2025-07-22,P1004,Headphones,Electronics,Berlin WH,North America,S02,Supplier B,816,707,600,386,897.71,5,Air,872094.8,Retail,V1
T00344,21/07/2024,2024-08-21,P1014,Shelf,Furniture,Berlin WH,north america,S07,Supplier G,561,701,512,340,936.99,23,Road,885961.92,Wholesale,V1
T00345,2024-01-23,2024-02-08,P1002,Phone,Electronics,Berlin WH,NA,S04,Supplier D,457,433,1339,480,115.98,16,Air,75629.76,Retail,V2
T00346,2024-02-21,2024-03-07,P1003,Tablet,Electronics,Hamburg WH,Europe,S07,Supplier G,752,723,1171,352,1021.17,17,Air,1228166.2,Wholesale,V1
T00347,2024-10-07,2024-08-09,P1005,Printer,electronics,Berlin WH,north america,S05,Supplier E,,593,562,378,134.05,30,Road,90698.83,Retail,V3
T00348,2024-10-29,2024-11-13,P1008,Monitor,Electronics,Berlin WH,NA,S07,Supplier G,685,633,537,431,1187.15,17,Sea,1098709.6,Retail,V2
T00349,2024-07-23,25/08/2024,P1011,Router,Electronics,Berlin WH,Europe,S04, Supplier A ,337,362,651,472,662.35,27,Road,278618.42,Wholesale,V2
T00350,2025-11-07,2025-06-08,P1013,Sofa,Furniture,BERLIN WH,Europe,S08,Supplier H,609,557,358,326,1497.55,20,Sea,1462388.86,Retail,V1
T00351,2024-11-22,2024-12-24,P1010,Mouse,Electronics,Berlin WH,Europe,S04,Supplier D,819,777,1163,165,1182.76,30,Road,1087031.02,Wholesale,V3
T00352,26/08/2024,2024-09-19,P1003,Tablet,Electronics,BERLIN WH,north america,S02,Supplier B,798,837,623,276,866.37,23,Road,1096022.22,Retail,V1
T00353,2025-12-08,2025-09-09,P1014,Shelf,Furniture,Berlin Warehouse,N. America,S07,Supplier G,598,641,420,331,58.77,28,Road,42076.67,Wholesale,V3
T00354,2025-12-15,2026-01-11,P1006,Desk,Furniture,Berlin Warehouse,north america,S01,,842,836,892,330,462.11,20,Air,679341.21,Wholesale,V3
T00355,2024-12-11,14/11/2024,P1003,Tablet,Electronics,Berlin Warehouse,north america,S08,Supplier H,969,844,301,169,1266.06,4,Air,1314611.78,Retail,V3
T00356,2025-04-05,2025-12-05,P1001,Laptop,Electronics,BERLIN WH,N. America,S06, Supplier A ,472,476,1047,464,217.55,8,Sea,119751.8,Retail,V1
T00357,31/05/2024,2024-05-07,P1010,Mouse,Electronics,BERLIN WH,North America,S03,Supplier C,483,496,1143,206,1099.67,29,Sea,892256.93,Wholesale,V3
T00358,2024-04-13,2024-04-19,P1006,Desk,Furniture,Hamburg WH,Europe,S05,Supplier E,462,542,425,315,1132.04,6,Road,957081.84,Wholesale,V1
T00359,2025-12-25,2026-01-24,P1009,Keyboard,Electronics,Berlin Warehouse,Europe,S06,Supplier F,802,887,649,264,385.53,23,Sea,593096.83,Wholesale,V1
T00360,2024-06-30,21/07/2024,P1012,Camera,Electronics,Berlin WH,N. America,S01,Supplier A,440,399,469,443,685.61,14,Road,449647.21,Wholesale,V3
T00361,2024-08-14,23/08/2024,P1011,Router,Electronics,Berlin WH,N. America,S02,Supplier B,566,697,513,404,112.73,6,Sea,136285.03,Wholesale,V1
T00362,13/10/2025,2025-07-11,P1015,Lamp,Home,Hamburg WH,North America,S02,Supplier B,493,512,,493,534.07,22,Sea,473025.94,Retail,V1
T00363,2025-12-10,2026-05-01,P1002,Phone,Electronics,Berlin WH,North America,S06,Supplier F,1066,908,,281,97.34,27,Sea,123133.64,Wholesale,V3
T00364,2025-05-03,2025-04-08,P1003,Tablet,Electronic,BERLIN WH,north america,S07,Supplier G,722,606,470,402,399.66,30,Sea,377319.35,Retail,V2
T00365,2025-08-14,2025-08-29,P1011,Router,Electronics,Berlin WH,NA,S04,Supplier D,724,735,360,233,1458.57,16,Air,1635913.56,Wholesale,V2
T00366,17/04/2024,2024-05-21,P1002,Phone,Electronics,Berlin Warehouse,North America,S06,Supplier F,345,402,621,237,353.47,30,Road,181267.2,Retail,V2
T00367,31/08/2025,2025-09-23,P1010,Mouse,Electronics,Berlin Warehouse,north america,S08,Supplier H,730,724,987,165,189.86,15,Sea,233968.05,Retail,V1
T00368,2024-04-13,2024-05-04,P1006,Desk,Furniture,Munich WH,NA,S04,Supplier D,502,464,738,247,824.44,15,Road,442678.43,Wholesale,V2
T00369,2024-08-31,2024-09-26,P1002,Phone,Electronics,Hamburg WH,N. America,S01,Supplier A,494,571,-30,351,1419.63,20,Air,1373967.82,Wholesale,V1
T00370,13/03/2025,2025-04-11,P1002,Phone,Electronics,Hamburg WH,N. America,S05,Supplier E,430,446,1202,488,983.44,22,Air,649939.59,Retail,V1
T00371,2024-06-23,2024-07-09,P1011,Router,Electronics,BERLIN WH,Europe,S05,Supplier E,563,502,517,191,699.68,17,Sea,399137.73,Wholesale,V3
T00372,2024-09-28,2024-10-15,P1002,Phone,Electronics,BERLIN WH,N. America,S07,Supplier G,563,624,850,244,263.77,13,Sea,219097.37,Retail,V2
T00373,2025-03-26,25/04/2025,P1008,Monitor,Electronics,Munich WH,North America,S05,Supplier E,453,514,1106,265,1319.19,28,Air,1163358.77,Retail,V1
T00374,15/11/2025,2025-11-30,P1006,Desk,Furniture,Berlin WH,Europe,S07,Supplier G,839,856,827,451,1477.78,9,Road,2075083.71,Wholesale,V3
T00375,2025-04-12,2026-01-04,P1014,Shelf,Furniture,Hamburg WH,NA,S08,Supplier H,50000,1005,680,443,756.76,30,Air,892750.34,Wholesale,V3
T00376,2024-05-02,2024-03-07,P1009,Keyboard,Electronics,Berlin Warehouse,N. America,S03,Supplier C,594,624,826,211,1167.91,26,Air,1293674.52,Retail,V1
T00377,13/02/2024,2024-02-29,P1007,Chair,Furniture,Berlin Warehouse,north america,S02,Supplier B,469,513,340,499,1193.42,15,Sea,920978.66,Wholesale,V3
T00378,2024-09-03,2024-03-29,P1002,Phone,Electronics,BERLIN WH,NA,S07,Supplier G,615,642,834,434,1374.33,14,Road,1299763.21,Wholesale,V1
T00379,18/12/2025,2026-01-02,P1010,Mouse,Electronics,Berlin Warehouse,north america,S07,Supplier G,1070,958,488,207,488.81,15,Road,796087.9,Retail,V1
T00380,30/07/2025,2025-03-09,P1013,Sofa,Furniture,BERLIN WH,Europe,S02,Supplier B,558,468,820,296,228.25,29,Sea,132608.76,Wholesale,V3
T00381,2025-12-05,2025-05-21,P1010,Mouse,Electronics,Hamburg WH,N. America,S08,Supplier H,375,385,805,169,930.64,7,Road,415059.46,Wholesale,V1
T00382,2025-09-02,2025-02-17,P1015,Lamp,Home,BERLIN WH,NA,S06,Supplier F,523,522,760,271,1451.35,3,Air,1054913.55,Wholesale,V2
T00383,14/11/2024,20/11/2024,P1005,Printer,Electronics,Berlin Warehouse,NA,S08,Supplier H,889,772,807,500,652.68,5,Road,611476.92,Wholesale,V2
T00384,2024-02-10,2024-10-23,P1012,Camera,Electronics,Berlin Warehouse,Europe,S07,Supplier G,508,503,633,459,1084.64,22,Air,940122.42,Wholesale,V3
T00385,2025-11-05,2025-05-29,P1013,Sofa,Furniture,Berlin WH,NA,S06,Supplier F,457,523,611,178,1290.1,18,Road,1129042.82,Wholesale,V1
T00386,20/06/2025,29/06/2025,P1015,Lamp,Home,Berlin WH,N. America,S01,,662,716,,238,717.33,8,Air,860368.77,Wholesale,V1
T00387,2025-01-04,22/01/2025,P1012,Camera,Electronics,Munich WH,Europe,S04,Supplier D,244,245,548,290,1245.81,13,Road,407365.14,Retail,V3
T00388,2024-02-01,2024-02-27,P1004,Headphones,Electronics,Berlin Warehouse,Europe,S06,Supplier F,638,565,-20,400,168.94,21,Road,121023.58,Wholesale,V2
T00389,2024-06-16,2024-06-25,P1014,Shelf,Furniture,Hamburg WH,North America,S05,Supplier E,443,452,469,196,1128.26,11,Air,793418.49,Retail,V1
T00390,2025-10-24,2025-11-19,P1004,Headphones,Electronics,Munich WH,North America,S04,Supplier D,360,317,-20,287,717.51,22,Road,406084.39,Retail,V2
T00391,2024-05-15,2024-06-09,P1011,Router,Electronics,Berlin Warehouse,NA,S03,Supplier C,418,391,781,457,501.15,27,Road,309684.52,Wholesale,V3
T00392,2025-12-27,2026-01-30,P1011,Router,Electronics,BERLIN WH,Europe,S05,Supplier E,965,851,831,366,433.33,30,Sea,571590.33,Retail,V2
T00393,2024-05-11,2024-08-11,P1011,Router,Electronics,Munich WH,NA,S07,Supplier G,843,915,1184,449,334.71,5,Road,344000.81,Wholesale,V2
T00394,2025-01-12,2025-12-15,P1002,Phone,Electronics,BERLIN WH,NA,S08,Supplier H,1202,1023,370,182,1309.38,12,Sea,2191743.67,Wholesale,V1
T00395,2024-02-06,2024-07-06,P1009,Keyboard,Electronics,Hamburg WH,NA,S04,Supplier D,520,576,977,179,1362.65,27,Road,1231889.11,Retail,V3
T00396,2024-01-27,2024-02-10,P1011,Router,Electronics,Hamburg WH,Europe,S08,,375,384,737,301,701.33,10,Road,459227.17,Retail,V3
T00397,2025-12-26,2026-01-21,P1010,Mouse,Electronics,Munich WH,Europe,S04,Supplier D,760,639,911,325,183.87,25,Road,163994.74,Wholesale,V3
T00398,2024-11-03,2024-12-09,P1014,Shelf,Furniture,Berlin Warehouse,NA,S03,Supplier C,998,873,805,486,452.48,30,Air,686354.08,Wholesale,V1
T00399,2024-09-21,24/10/2024,P1012,Camera,Electronics,Berlin WH,N. America,S03,Supplier C,636,788,853,498,1444.96,30,Sea,1831677.13,Retail,V3
T00400,2024-11-10,27/11/2024,P1007,Chair,Furniture,BERLIN WH,Europe,S06,Supplier F,918,1006,568,340,1311.68,10,Air,1555493.91,Wholesale,V1
T00401,2025-10-11,2025-11-11,P1010,Mouse,Electronics,Munich WH,North America,S02,Supplier B,456,544,1159,391,378,30,Road,227980.67,Wholesale,V3
T00402,2024-11-01,2024-08-11,P1007,Chair,Electronic,BERLIN WH,Europe,S01,Supplier A,699,673,625,227,459.91,6,Road,405452.93,Wholesale,V1
T00403,2024-11-19,2024-12-09,P1014,Shelf,Furniture,Berlin Warehouse,NA,S03,Supplier C,1173,1014,1127,191,294.29,17,Road,344746.7,Retail,V1
T00404,2025-04-07,2025-04-27,P1005,Printer,electronics,Hamburg WH,North America,S04,Supplier D,478,588,537,236,882.55,20,Air,932433.56,Wholesale,V3
T00405,15/03/2025,2025-03-27,P1007,Chair,Furniture,Berlin WH,north america,S07,Supplier G,419,508,990,394,1250.43,14,Air,965077.82,Wholesale,V1
T00406,25/11/2024,16/12/2024,P1013,Sofa,Furniture,Berlin Warehouse,N. America,S04,Supplier D,1053,931,860,159,1320.89,23,Road,1844918.82,Wholesale,V2
T00407,2024-05-12,2024-03-06,P1002,Phone,Electronics,Berlin Warehouse,North America,S07,Supplier G,162,175,869,407,663.2,20,Air,190537.53,Wholesale,V2
T00408,2025-11-04,2025-05-19,P1012,Camera,Electronics,Berlin Warehouse,NA,S06,Supplier F,592,606,757,372,918.49,30,Sea,858237.67,Wholesale,V1
T00409,2024-06-17,27/06/2024,P1015,Lamp,Home,Berlin Warehouse,N. America,S07,Supplier G,622,696,885,159,778.3,9,Road,635387.25,Retail,V3
T00410,31/05/2025,2025-02-07,P1003,Tablet,Electronics,Berlin WH,Europe,S02,Supplier B,497,469,99,337,1426.79,24,Road,1017435.02,Wholesale,V3
T00411,2025-09-30,2025-10-13,P1001,Laptop,Electronics,Berlin WH,North America,S01,Supplier A,25000,705,1123,488,124.98,0,Road,112612.26,Retail,V2
T00412,2025-03-30,14/04/2025,P1007,Chair,Furniture,Berlin Warehouse,N. America,S02,Supplier B,365,447,148,430,227.24,10,Road,131416.35,Retail,V2
T00413,2025-06-03,2025-03-26,P1011,Router,Electronics,Munich WH,north america,S02,,345,331,679,489,435.41,18,Road,179415.12,Retail,V2
T00414,2024-04-17,2024-04-21,P1009,Keyboard,Electronics,Hamburg WH,N. America,S02, Supplier A ,381,475,701,294,344.22,5,Road,184057.83,Retail,V2
T00415,19/06/2025,30/06/2025,P1004,Headphones,Electronics,Berlin WH,north america,S06,Supplier F,517,462,511,359,866.63,11,Sea,584105.8,Retail,V3
T00416,2025-05-07,17/05/2025,P1006,Desk,Furniture,Berlin WH,North America,S04,Supplier D,,545,654,151,148.9,2,Road,124318.23,Wholesale,V1
T00417,2024-02-04,2024-04-05,P1013,Sofa,Furniture,Berlin Warehouse,Europe,S02,Supplier B,462,461,500,201,1313.85,30,Sea,875506.92,Wholesale,V2
T00418,2024-02-21,23/03/2024,P1002,Phone,Electronics,BERLIN WH,NA,S03,Supplier C,432,452,536,170,644.31,29,Sea,404141.56,Retail,V1
T00419,2024-02-16,2024-03-09,P1001,Laptop,Electronics,BERLIN WH,NA,S03,Supplier C,554,532,827,489,477.87,22,Sea,426250.26,Wholesale,V3
T00420,2024-04-05,2024-04-14,P1006,Desk,Furniture,Hamburg WH,Europe,S06,Supplier F,555,517,546,243,189.44,5,Sea,134049.88,Wholesale,V3
T00421,2025-05-04,2025-06-03,P1013,Sofa,Electronic,Berlin WH,N. America,S07,Supplier G,204,241,520,482,640.04,30,Road,250782.86,Retail,V1
T00422,16/04/2024,14/05/2024,P1007,Chair,electronics,Berlin Warehouse,north america,S08,Supplier H,598,561,657,441,1024.43,23,Sea,777773.87,Wholesale,V3
T00423,2024-01-30,2024-02-15,P1014,Shelf,Furniture,Hamburg WH,Europe,S03,Supplier C,514,488,704,397,1371.66,17,Air,1023333.93,Retail,V2
T00424,2025-01-11,2025-11-26,P1006,Desk,Furniture,Munich WH,N. America,S01,Supplier A,801,945,859,497,1355.63,18,Road,1468760.85,Wholesale,V3
T00425,2025-06-19,13/07/2025,P1012,Camera,Electronics,Hamburg WH,NA,S02,Supplier B,291,362,727,371,644.61,23,Road,304876.88,Wholesale,V1
T00426,2025-07-25,2025-08-16,P1015,Lamp,Home,Munich WH,Europe,S01,Supplier A,671,821,578,155,202.04,22,Sea,247327.63,Retail,V1
T00427,18/05/2025,26/05/2025,P1006,Desk,Furniture,Munich WH,N. America,S04,Supplier D,690,651,483,319,1271.49,10,Road,1311756.79,Wholesale,V2
T00428,2024-08-28,2024-01-10,P1002,Phone,Electronics,Hamburg WH,North America,S08,Supplier H,837,920,513,377,473.34,27,Sea,719527.18,Wholesale,V2
T00429,2024-05-01,2024-05-19,P1008,Monitor,Electronics,Berlin WH,north america,S01,Supplier A,753,667,637,202,1289.19,14,Road,1497622.36,Retail,V1
T00430,2025-09-10,30/09/2025,P1010,Mouse,electronics,Hamburg WH,NA,S05,Supplier E,496,481,526,410,569.34,19,Sea,416461.78,Retail,V1
T00431,2025-04-10,2025-04-28,P1006,Desk,Furniture,Berlin WH,North America,S08,Supplier H,591,623,981,486,266.95,13,Road,233061.72,Retail,V1
T00432,2024-12-15,2025-01-05,P1006,Desk,Furniture,Berlin WH,North America,S05,Supplier E,635,784,,430,975.82,18,Air,1182627.48,Wholesale,V1
T00433,23/02/2025,2025-03-04,P1002,Phone,Electronics,Berlin WH,Europe,S05,Supplier E,416,432,647,462,480.6,8,Air,326789.39,Wholesale,V1
T00434,2024-12-12,2025-01-11,P1002,Phone,Electronics,Munich WH,North America,S07,Supplier G,624,704,1018,173,1482.29,22,Sea,1479521.08,Wholesale,V3
T00435,2025-08-26,2025-09-03,P1009,Keyboard,Electronics,Berlin WH,north america,S03,Supplier C,598,602,806,405,60.75,2,Sea,53168.33,Wholesale,V3
T00436,2024-06-30,2024-07-09,P1012,Camera,Electronics,Munich WH,north america,S03,Supplier C,,487,802,215,65.81,5,Sea,43958.76,Wholesale,V2
T00437,2025-09-15,2025-10-02,P1015,Lamp,Home,BERLIN WH,Europe,S04,Supplier D,611,668,1099,290,1352.12,14,Air,1066966.79,Retail,V2
T00438,2025-09-08,2025-10-10,P1012,Camera,Electronics,Munich WH,N. America,S05,Supplier E,794,688,,430,912.36,29,Air,1053723.12,Retail,V3
T00439,2024-10-24,2024-11-07,P1011,Router,Electronics,Berlin Warehouse,north america,S06,,,487,811,494,523.77,6,Road,377253.65,Wholesale,V3
T00440,2024-04-28,2024-05-22,P1013,Sofa,electronics,Munich WH,Europe,S06,Supplier F,529,521,404,437,1147.61,17,Road,1006605.62,Wholesale,V2
T00441,14/01/2024,2024-01-28,P1009,Keyboard,Electronics,Berlin WH,North America,S02,Supplier B,255,283,564,162,308.04,14,Air,99410.66,Wholesale,V1
T00442,20/10/2024,2024-11-15,P1011,Router,Electronics,BERLIN WH,N. America,S05,Supplier E,412,348,483,224,845.41,28,Road,395141.83,Retail,V2
T00443,2025-08-04,2025-01-05,P1002,Phone,electronics,Berlin Warehouse,north america,S04,Supplier D,362,371,759,481,946.83,19,Road,506617.27,Wholesale,V3
T00444,2025-11-11,2025-04-12,P1001,Laptop,Electronics,BERLIN WH,north america,S07,Supplier G,960,935,924,348,938.58,15,Air,1088995.68,Retail,V3
T00445,2024-09-14,2024-10-14,P1004,Headphones,Electronics,BERLIN WH,north america,S08,Supplier H,,644,673,265,823.68,22,Road,668061.79,Retail,V3
T00446,17/07/2024,2024-08-08,P1005,Printer,Electronics,Berlin Warehouse,N. America,S08,Supplier H,609,531,1142,240,213.37,23,Road,187324.46,Retail,V2
T00447,2024-02-11,2024-02-21,P1007,Chair,Furniture,Berlin Warehouse,north america,S05,Supplier E,484,532,614,434,1318.09,10,Sea,1234735.67,Retail,V2
T00448,2025-04-22,2025-05-01,P1012,Camera,Electrnics,Munich WH,North America,S03,Supplier C,578,485,,170,735.44,6,Road,607969.41,Wholesale,V2
T00449,2025-09-08,2025-09-08,P1009,Keyboard,Electronics,Munich WH,N. America,S06,Supplier F,445,487,1015,187,320.77,27,Air,255139.5,Retail,V3
T00450,2024-12-06,26/06/2024,P1007,Chair,Furniture,Berlin Warehouse,NA,S07,Supplier G,526,528,95,197,874.37,13,Sea,787560.2,Wholesale,V2
T00451,2024-08-11,2024-09-16,P1013,Sofa,electronics,Berlin WH,North America,S08,Supplier H,783,693,771,437,1151.5,28,Road,1198157.51,Wholesale,V2
T00452,2024-09-03,2024-09-29,P1015,Lamp,Home,Hamburg WH,North America,S04,Supplier D,970,839,648,170,112.44,23,Sea,162111.37,Wholesale,V3
T00453,2024-10-16,2024-11-18,P1001,Laptop,Electronics,Hamburg WH,Europe,S06,Supplier F,599,571,-35,413,1391.05,27,Air,884347.1,Wholesale,V3
T00454,2024-07-16,2024-07-29,P1006,Desk,Furniture,Munich WH,North America,S02,Supplier B,799,734,639,199,1044.95,7,Road,915870.22,Retail,V1
T00455,2025-11-17,2025-01-12,P1011,Router,Electronics,Berlin Warehouse,north america,S04,Supplier D,25000,783,355,500,432.56,15,Road,422519.15,Wholesale,V3
T00456,2024-03-14,2024-02-04,P1012,Camera,Electronics,Berlin WH,North America,S03,Supplier C,350,435,914,162,1112.05,16,Air,814573.32,Retail,V1
T00457,2024-09-14,2024-10-13,P1009,Keyboard,Electronics,BERLIN WH,Europe,S02,Supplier B,-686,623,807,444,1158.01,28,Sea,1126152.59,Wholesale,V3
T00458,18/02/2025,2025-12-03,P1007,Chair,Furniture,Berlin WH,north america,S06,Supplier F,595,570,-20,158,151.13,14,Air,124162.89,Retail,V3
T00459,2025-08-22,2025-09-08,P1001,Laptop,Electronics,BERLIN WH,NA,S02, Supplier A ,654,680,,333,117.69,18,Road,107573.2,Retail,V2
T00460,24/03/2025,2025-03-31,P1007,Chair,Furniture,Berlin Warehouse,north america,S07,Supplier G,603,512,-20,488,127.03,2,Air,115027.35,Retail,V3
T00461,2025-02-04,2025-02-12,P1013,Sofa,Furniture,BERLIN WH,North America,S05,Supplier E,225,272,753,474,760.92,6,Road,342776.02,Retail,V1
T00462,2024-12-02,2024-03-01,P1001,Laptop,Electronics,BERLIN WH,N. America,S07, Supplier A ,,478,720,425,616.25,19,Road,384912.34,Wholesale,V1
T00463,2025-02-26,2025-03-06,P1015,Lamp,Home,Munich WH,NA,S03,Supplier C,456,407,465,232,1395.26,7,Air,785690.1,Retail,V1
T00464,2025-11-18,2025-12-12,P1013,Sofa,Furniture,Munich WH,North America,S01,Supplier A,857,866,858,431,354.52,16,Sea,475360.47,Retail,V2
T00465,2024-04-10,2024-04-23,P1004,Headphones,Electronics,Berlin Warehouse,North America,S08,Supplier H,478,507,769,319,978.77,13,Sea,588558.43,Retail,V1
T00466,2024-11-21,2024-12-20,P1008,Monitor,Electronics,BERLIN WH,north america,S08,Supplier H,881,900,950,318,887.08,21,Air,1227376.16,Wholesale,V2
T00467,2025-03-14,24/03/2025,P1003,Tablet,Electronics,Hamburg WH,NA,S01,Supplier A,,525,577,310,1076.65,9,Sea,947216.79,Retail,V3
T00468,2024-12-05,24/12/2024,P1015,Lamp,Home,BERLIN WH,Europe,S08,Supplier H,935,928,1042,386,231.46,16,Road,352852.64,Retail,V1
T00469,23/10/2025,2025-11-21,P1010,Mouse,Electronics,Munich WH,N. America,S02,Supplier B,453,496,257,293,218.07,29,Sea,166645.26,Retail,V3
T00470,18/03/2024,2024-07-04,P1015,Lamp,Home,Munich WH,north america,S01,Supplier A,386,424,703,409,1066.33,22,Sea,517176.75,Retail,V1
T00471,18/07/2025,2025-08-13,P1005,Printer,Electronics,BERLIN WH,Europe,S08,Supplier H,554,599,483,484,170.8,26,Air,138338.79,Wholesale,V1
T00472,2025-04-20,2025-09-05,P1009,Keyboard,Electronics,Berlin WH,N. America,S02,Supplier B,-543,587,577,353,1187.62,13,Road,1202073.65,Retail,V3
T00473,2024-05-23,19/06/2024,P1008,Monitor,Electronics,Berlin Warehouse,Europe,S03,Supplier C,572,602,665,241,1446.84,20,Sea,1012537.13,Retail,V1
T00474,2025-05-14,28/05/2025,P1004,Headphones,Electronics,Berlin WH,N. America,S02,Supplier B,469,492,1195,285,956.41,13,Road,749450.89,Wholesale,V2
T00475,2025-04-25,2025-05-06,P1015,Lamp,Home,BERLIN WH,North America,S08,Supplier H,729,615,1009,173,1146.34,3,Road,1244704.74,Wholesale,V3
T00476,26/09/2024,2024-10-22,P1010,Mouse,Electronics,BERLIN WH,north america,S03,Supplier C,482,573,964,342,1177.1,22,Road,1046051.4,Retail,V3
T00477,2024-09-14,2024-01-10,P1007,Chair,Electronic,BERLIN WH,Europe,S04,Supplier D,807,683,587,414,760.59,14,Sea,728788.06,Retail,V3
T00478,22/05/2024,2024-01-06,P1008,Monitor,Electronics,BERLIN WH,N. America,S03,Supplier C,309,327,647,267,567.32,4,Air,210863.8,Retail,V1
T00479,2025-01-05,18/01/2025,P1010,Mouse,Electronics,BERLIN WH,North America,S02,Supplier B,502,445,1063,488,1278.52,9,Sea,710264.08,Wholesale,V2
T00480,2024-03-08,2024-09-04,P1010,Mouse,Electronics,Berlin WH,N. America,S03,Supplier C,754,655,1225,481,339.3,28,Air,349912.41,Retail,V3
T00481,2025-08-29,2025-09-14,P1003,Tablet,Electronics,Munich WH,N. America,S03,Supplier C,,513,904,472,984.43,18,Air,816614.56,Retail,V2
T00482,2024-03-07,2024-07-31,P1009,Keyboard,Electronics,Berlin WH,NA,S07, Supplier A ,602,629,357,456,1075.55,20,Air,838514.36,Retail,V2
T00483,2025-09-13,2025-09-26,P1008,Monitor,Electronics,Munich WH,N. America,S08,Supplier H,625,660,850,237,105.98,9,Road,82401.43,Retail,V3
T00484,2025-11-06,2025-12-09,P1009,Keyboard,Electronics,BERLIN WH,Europe,S05,Supplier E,782,690,729,235,41.75,25,Road,39332.78,Retail,V1
T00485,2025-01-22,2025-01-25,P1007,Chair,Furniture,Munich WH,north america,S03,Supplier C,470,472,451,205,618.35,2,Road,429519.4,Wholesale,V1
T00486,2025-12-09,19/10/2025,P1002,Phone,Electronics,Munich WH,North America,S03,Supplier C,680,690,703,393,1445.98,30,Road,1459995.29,Retail,V1
T00487,2025-05-08,2025-05-25,P1011,Router,Electronics,Hamburg WH,north america,S03,Supplier C,397,358,978,458,1163.92,19,Sea,610402.47,Wholesale,V1
T00488,2025-12-15,2026-01-16,P1009,Keyboard,Electronic,Hamburg WH,NA,S07,,789,871,748,267,45.98,27,Road,52276.05,Retail,V2
T00489,2024-05-17,2024-06-14,P1005,Printer,Electronics,BERLIN WH,north america,S08,Supplier H,480,512,1087,269,570.17,29,Road,321396.36,Wholesale,V2
T00490,2024-07-12,29/07/2024,P1001,Laptop,Electronics,Munich WH,North America,S01,Supplier A,735,618,362,445,1273.65,18,Sea,878827.65,Retail,V3
T00491,2024-11-19,29/11/2024,P1007,Chair,Furniture,Munich WH,NA,S06,Supplier F,1023,920,760,204,697.83,6,Sea,885068.54,Wholesale,V3
T00492,2025-01-09,24/01/2025,P1010,Mouse,Electronics,Hamburg WH,north america,S05,Supplier E,402,452,655,498,384.97,14,Road,250369.85,Wholesale,V1
T00493,14/01/2025,2025-01-02,P1009,Keyboard,Electronics,BERLIN WH,Europe,S08,Supplier H,393,478,1115,279,1437.53,11,Road,1209301.35,Retail,V3
T00494,2024-05-01,2024-05-28,P1012,Camera,Electronics,Berlin WH,N. America,S04,Supplier D,468,564,712,378,561.21,27,Road,398111.44,Wholesale,V2
T00495,2025-07-17,2025-08-08,P1010,Mouse,Electronics,Berlin WH,North America,S01,Supplier A,476,454,620,232,1176.36,14,Air,803669.43,Wholesale,V3
T00496,21/03/2025,2025-04-02,P1002,Phone,Electronics,Berlin WH,north america,S02,Supplier B,568,539,607,284,594.49,9,Air,503681.27,Wholesale,V2
T00497,2025-09-20,23/09/2025,P1011,Router,Electronics,Hamburg WH,Europe,S05,Supplier E,702,602,385,455,449.95,3,Air,387070.86,Retail,V3
T00498,2025-06-14,18/07/2025,P1005,Printer,Electronics,Munich WH,north america,S04,,444,539,854,167,238.01,27,Road,141820.31,Retail,V3
T00499,22/06/2024,2024-09-07,P1011,Router,Electronics,Berlin WH,N. America,S01,Supplier A,,399,1222,334,1437.74,9,Air,843714.66,Wholesale,V2
T00500,2024-12-27,17/01/2025,P1011,Router,Electronics,Munich WH,North America,S07,Supplier G,964,900,293,357,132.83,20,Road,154489.71,Retail,V1
T00501,2025-07-16,15/08/2025,P1005,Printer,Electronics,Berlin Warehouse,north america,S06,Supplier F,486,478,1043,327,660.57,28,Air,357030.77,Wholesale,V2
T00502,2025-08-11,2025-09-01,P1001,Laptop,Electronics,Berlin WH,north america,S05,Supplier E,596,675,391,239,93.97,15,Air,107231.47,Wholesale,V2
T00503,29/04/2024,2024-06-03,P1013,Sofa,Electronic,BERLIN WH,Europe,S05,Supplier E,530,448,847,425,311.45,28,Sea,246409.39,Wholesale,V1
T00504,2024-12-13,2025-01-05,P1013,Sofa,Furniture,Berlin WH,Europe,S08,Supplier H,817,905,782,498,666.75,16,Air,914461.53,Wholesale,V1
T00505,2025-01-26,20/02/2025,P1011,Router,Electronics,BERLIN WH,Europe,S04, Supplier A ,622,522,534,496,301.36,24,Sea,260319.06,Retail,V3
T00506,26/09/2024,18/10/2024,P1004,Headphones,Electronic,BERLIN WH,North America,S05,Supplier E,837,703,843,197,1140.82,14,Road,972958.05,Retail,V2
T00507,2024-11-17,27/11/2024,P1006,Desk,Furniture,Berlin Warehouse,Europe,S04, Supplier A ,1003,1116,652,443,968.11,10,Road,1692593.47,Retail,V1
T00508,2024-09-04,14/09/2024,P1014,Shelf,Furniture,Berlin Warehouse,north america,S05,Supplier E,805,727,399,255,758.37,9,Sea,611139.5,Retail,V1
T00509,2024-05-02,30/05/2024,P1015,Lamp,Home,Munich WH,North America,S02,Supplier B,324,349,851,496,1275.1,23,Road,716556.28,Retail,V2
T00510,2025-01-15,21/02/2025,P1010,Mouse,Electronics,BERLIN WH,Europe,S06,Supplier F,390,481,,402,731.72,30,Air,550357,Wholesale,V2
T00511,2024-08-15,2024-06-09,P1013,Sofa,Furniture,Hamburg WH,north america,S03,Supplier C,629,656,538,177,1380.91,18,Air,1626301.44,Wholesale,V2
T00512,2025-12-03,14/12/2025,P1013,Sofa,Furniture,Hamburg WH,NA,S03,Supplier C,50000,738,299,384,1379.27,5,Road,1797257.38,Retail,V1
T00513,2025-11-21,2025-11-29,P1004,Headphones,Electronics,BERLIN WH,north america,S07,Supplier G,,676,951,447,391.48,5,Sea,395598.3,Retail,V3
T00514,26/09/2024,2024-10-20,P1004,Headphones,Electronics,BERLIN WH,N. America,S05,Supplier E,-775,865,388,391,303.56,21,Sea,457614.81,Wholesale,V1
T00515,2025-03-05,2025-04-07,P1012,Camera,Electronics,BERLIN WH,Europe,S06,Supplier F,445,501,461,336,77.62,29,Air,43756.86,Retail,V3
T00516,2025-12-03,2025-12-31,P1004,Headphones,Electronics,Munich WH,Europe,S02,Supplier B,844,925,652,288,1426.68,27,Sea,1988935.21,Retail,V1
T00517,2024-06-02,22/06/2024,P1008,Monitor,Electronics,Berlin Warehouse,north america,S01,Supplier A,741,737,308,240,1142.99,15,Road,1093201.04,Wholesale,V2
T00518,2024-03-11,2024-11-08,P1005,Printer,Electronics,Berlin WH,N. America,S01,Supplier A,1170,993,627,353,1340.99,5,Sea,1855740.14,Wholesale,V3
T00519,2024-04-08,2024-04-24,P1008,Monitor,Electronics,Munich WH,north america,S06,Supplier F,483,484,1077,283,322.93,13,Sea,236602.72,Wholesale,V1
T00520,25/02/2025,19/03/2025,P1002,Phone,Electronics,Munich WH,north america,S06,Supplier F,494,433,443,497,326.47,21,Road,162538.99,Retail,V2
T00521,2024-12-29,2025-01-27,P1006,Desk,electronics,Hamburg WH,north america,S08,Supplier H,659,587,749,378,1257.02,30,Sea,983237.64,Wholesale,V3
T00522,2024-05-28,2024-06-27,P1014,Shelf,Furniture,Hamburg WH,north america,S03,Supplier C,662,624,,477,244.36,27,Road,261217.35,Wholesale,V1
T00523,2024-03-22,2024-04-06,P1003,Tablet,Electronics,BERLIN WH,NA,S06,Supplier F,277,286,779,266,75.61,12,Road,25722.44,Wholesale,V2
T00524,2025-03-31,2025-04-23,P1013,Sofa,Furniture,Hamburg WH,N. America,S06,Supplier F,478,582,60,450,1460.16,18,Air,1069309.42,Retail,V1
T00525,2024-08-28,2024-05-09,P1011,Router,Electronics,Hamburg WH,North America,S05,Supplier E,507,569,428,190,22.18,8,Air,20325.71,Retail,V2
T00526,2025-07-15,2025-08-01,P1001,Laptop,Electronics,Berlin WH,NA,S01,Supplier A,736,646,905,353,645.49,18,Road,547107.87,Retail,V1
T00527,2025-11-01,2025-11-11,P1015,Lamp,Home,BERLIN WH,Europe,S07,Supplier G,1175,1043,454,308,288.79,9,Road,409540.04,Retail,V1
T00528,23/06/2025,2025-04-07,P1014,Shelf,Furniture,BERLIN WH,NA,S03,Supplier C,718,675,269,164,136.11,3,Sea,136079.35,Wholesale,V3
T00529,2024-10-05,2024-11-04,P1009,Keyboard,Electronics,Berlin Warehouse,north america,S08,Supplier H,444,400,830,219,883.98,24,Road,624639.8,Wholesale,V3
T00530,2025-10-13,2025-11-12,P1015,Lamp,Home,Munich WH,NA,S07,Supplier G,335,309,898,418,1143.33,22,Sea,413970.3,Wholesale,V3
T00531,2024-08-20,2024-09-03,P1013,Sofa,Furniture,Hamburg WH,NA,S02,Supplier B,889,939,1477,376,1400.73,11,Air,2208698.94,Wholesale,V1
T00532,2024-01-01,2024-01-17,P1009,Keyboard,Electronics,Munich WH,North America,S03,Supplier C,,629,948,326,1383.07,11,Road,1379930.94,Wholesale,V2
T00533,2024-11-02,2024-11-24,P1001,Laptop,Electronics,Berlin WH,north america,S07,Supplier G,890,979,805,299,1214.46,21,Sea,1470344.76,Retail,V2
T00534,2025-07-28,2025-12-08,P1007,Chair,Furniture,Hamburg WH,Europe,S07,Supplier G,409,344,394,277,1287.68,7,Air,704672.2,Wholesale,V1
T00535,2025-03-08,2025-04-10,P1011,Router,Electronics,BERLIN WH,NA,S04,Supplier D,653,554,1118,414,754.46,26,Road,571099.64,Wholesale,V2
T00536,2024-11-07,19/07/2024,P1014,Shelf,Furniture,Berlin WH,Europe,S02,Supplier B,605,554,,243,588.85,6,Road,364598.26,Wholesale,V2
T00537,2025-12-18,28/12/2025,P1010,Mouse,Electronics,Berlin Warehouse,North America,S08,Supplier H,,717,610,246,1229.35,12,Road,1306741.73,Retail,V1
T00538,14/04/2024,2024-05-13,P1005,Printer,Electronics,Berlin WH,N. America,S05,Supplier E,822,718,709,214,285.3,24,Air,340043.86,Retail,V1
T00539,2025-05-20,2025-06-05,P1004,Headphones,Electronics,BERLIN WH,Europe,S06,Supplier F,205,241,974,365,1300.64,11,Road,379308.23,Retail,V2
T00540,2024-03-23,2024-04-06,P1014,Shelf,Furniture,Berlin WH,north america,S03,Supplier C,419,365,446,178,1015.6,10,Sea,614490.91,Retail,V1
T00541,2024-09-13,19/09/2024,P1014,Shelf,Furniture,Hamburg WH,Europe,S07,Supplier G,804,782,358,156,1252.59,5,Air,1698752.61,Retail,V1
T00542,16/04/2025,2025-10-05,P1012,Camera,Electrnics,Hamburg WH,Europe,S02,Supplier B,464,508,540,416,474.03,23,Road,324384.44,Wholesale,V2
T00543,2024-06-11,28/06/2024,P1011,Router,Electronics,BERLIN WH,Europe,S01,Supplier A,346,317,978,431,618.7,18,Road,225124.87,Wholesale,V1
T00544,2025-01-04,2025-11-01,P1015,Lamp,Home,Berlin Warehouse,Europe,S01,Supplier A,403,415,932,491,1034.46,8,Sea,572137.6,Retail,V1
T00545,2024-09-10,2024-06-11,P1010,Mouse,Electronics,Berlin WH,North America,S02,Supplier B,,481,562,352,969.77,27,Road,732357.73,Wholesale,V3
T00546,2025-09-02,2025-09-11,P1003,Tablet,Electronics,Hamburg WH,North America,S06,Supplier F,538,557,830,195,1131.39,9,Road,737921.17,Wholesale,V3
T00547,2024-03-02,2024-03-14,P1001,Laptop,Electronics,Berlin WH,N. America,S06,Supplier F,373,384,460,480,1470.95,6,Sea,648019.2,Retail,V2
T00548,2025-07-25,2025-08-20,P1013,Sofa,Furniture,Berlin WH,Europe,S06,Supplier F,404,340,719,374,187.69,25,Sea,88225.01,Retail,V2
T00549,2024-10-02,2024-02-27,P1008,Monitor,Electronics,Hamburg WH,N. America,S08,Supplier H,587,606,958,436,532.86,11,Road,445080.46,Retail,V3
T00550,2024-12-22,2025-01-27,P1006,Desk,Furniture,Munich WH,N. America,S08,Supplier H,794,800,534,290,417.43,29,Air,434535.67,Retail,V2
T00551,2024-10-29,16/11/2024,P1014,Shelf,Furniture,Berlin WH,north america,S05, Supplier A ,25000,524,717,427,133.93,13,Sea,80910.34,Retail,V1
T00552,26/09/2025,2025-08-10,P1014,Shelf,Furniture,Berlin WH,north america,S06,Supplier F,576,689,746,467,906.59,9,Sea,959793.96,Retail,V3
T00553,30/11/2025,14/12/2025,P1008,Monitor,Electronics,Hamburg WH,NA,S03,Supplier C,599,744,907,463,1448.22,11,Air,1374455.06,Retail,V3
T00554,2025-05-11,2025-10-11,P1002,Phone,Electronics,Berlin Warehouse,North America,S01,Supplier A,1087,1042,953,216,483.1,7,Sea,649256.26,Retail,V1
T00555,2024-02-02,2024-02-25,P1010,Mouse,Electronics,Munich WH,north america,S07,Supplier G,,622,767,486,176.74,17,Sea,132839.97,Retail,V2
T00556,14/08/2024,2024-08-30,P1010,Mouse,Electronics,Hamburg WH,North America,S02,Supplier B,697,674,769,156,1057.69,8,Sea,1123559.54,Retail,V2
T00557,2025-07-25,19/08/2025,P1012,Camera,Electronics,Munich WH,NA,S07,Supplier G,487,472,689,338,394.59,27,Road,263571.92,Retail,V3
T00558,2024-03-13,27/03/2024,P1014,Shelf,Furniture,Berlin WH,North America,S05,Supplier E,,486,824,189,299.04,8,Road,228278.48,Retail,V3
T00559,2025-01-29,22/02/2025,P1004,Headphones,Electronics,Munich WH,N. America,S04,,416,497,,419,1127.61,23,Road,975237.73,Wholesale,V3
T00560,2024-04-18,2024-05-12,P1013,Sofa,Furniture,Hamburg WH,North America,S06,Supplier F,298,307,590,495,1090.7,16,Air,370451.61,Retail,V3
T00561,2025-02-15,2025-02-28,P1009,Keyboard,Electronics,Munich WH,Europe,S06,Supplier F,50000,709,1045,486,378.19,7,Sea,428975,Wholesale,V3
T00562,2024-11-28,2025-01-01,P1014,Shelf,Furniture,Hamburg WH,NA,S06,Supplier F,759,943,841,361,387.6,26,Road,456914.4,Retail,V3
T00563,2025-07-12,2025-08-08,P1004,Headphones,Electronics,BERLIN WH,Europe,S07,Supplier G,321,390,492,431,699.23,25,Sea,439841.01,Wholesale,V1
T00564,2024-02-05,2024-02-13,P1005,Printer,Electronics,Berlin WH,NA,S01,Supplier A,576,693,949,415,1428.21,6,Air,1669652.31,Retail,V2
T00565,23/01/2024,2024-02-16,P1013,Sofa,Furniture,Munich WH,north america,S05,Supplier E,655,559,818,433,825.5,18,Air,572294.68,Retail,V1
T00566,2025-04-16,29/04/2025,P1006,Desk,Furniture,Munich WH,N. America,S03,Supplier C,733,670,870,220,791.74,10,Air,608932.89,Wholesale,V2
T00567,2024-04-04,2024-11-04,P1010,Mouse,Electronics,BERLIN WH,Europe,S07,Supplier G,-600,581,647,441,816.73,8,Air,611275.63,Wholesale,V3
T00568,2025-12-20,2026-01-13,P1010,Mouse,Electronics,Berlin WH,north america,S02,Supplier B,1063,997,632,454,1185.33,22,Sea,1675804.94,Retail,V1
T00569,2024-08-12,2025-01-05,P1006,Desk,Furniture,Berlin Warehouse,north america,S07,Supplier G,,739,873,363,652.85,29,Air,680157.93,Wholesale,V1
T00570,2024-11-08,2024-04-12,P1009,Keyboard,Electronics,Berlin Warehouse,NA,S01,Supplier A,795,964,746,313,1240.62,19,Road,1560327.93,Retail,V1
T00571,21/02/2024,25/03/2024,P1011,Router,Electronics,Munich WH,north america,S07,Supplier G,416,453,688,378,763.89,26,Air,394253.89,Retail,V2
T00572,2024-10-23,2024-11-01,P1013,Sofa,Furniture,Berlin WH,Europe,S07,Supplier G,501,595,695,225,1151.37,6,Road,950027.62,Retail,V3
T00573,2025-02-12,2025-06-03,P1005,Printer,Electronics,Berlin Warehouse,N. America,S02,Supplier B,301,349,903,354,257.48,18,Sea,103280.68,Retail,V2
T00574,2025-08-02,2025-03-07,P1011,Router,Electronics,Berlin Warehouse,N. America,S04,Supplier D,,565,440,437,1224.91,21,Air,1093196.19,Wholesale,V2
T00575,27/11/2024,24/12/2024,P1011,Router,Electronics,Hamburg WH,NA,S02,Supplier B,794,860,546,207,389.94,23,Sea,489777.67,Retail,V2
T00576,2024-12-18,2024-12-28,P1010,Mouse,Electronics,Munich WH,Europe,S01,,604,642,833,306,1246.26,7,Road,1322167.46,Retail,V2
T00577,2024-02-15,2024-12-03,P1015,Lamp,Home,Berlin Warehouse,North America,S04,Supplier D,667,565,636,252,503.58,23,Air,383564.33,Retail,V1
T00578,2025-09-27,2025-10-02,P1015,Lamp,Home,Berlin WH,NA,S03,Supplier C,902,784,702,297,171.8,2,Sea,185188.48,Wholesale,V1
T00579,2024-12-05,2024-12-30,P1004,Headphones,Electronics,BERLIN WH,north america,S04,Supplier D,808,921,1446,254,1291.05,19,Sea,1871407.6,Retail,V3
T00580,2025-12-16,2026-01-13,P1011,Router,Electronics,Munich WH,North America,S01,Supplier A,1011,920,741,342,670.03,20,Sea,941520.87,Retail,V1
T00581,17/10/2024,2024-11-10,P1004,Headphones,Electrnics,Berlin WH,North America,S05, Supplier A ,484,556,468,177,1047.05,16,Sea,733939.75,Wholesale,V3
T00582,2025-11-06,2025-11-25,P1006,Desk,Furniture,Hamburg WH,N. America,S02,Supplier B,789,913,1136,159,143.66,11,Sea,146034.03,Retail,V2
T00583,2025-05-11,2025-05-25,P1014,Shelf,Furniture,Hamburg WH,north america,S02,Supplier B,348,414,385,245,349.09,8,Road,211503.61,Retail,V1
T00584,2024-09-10,2024-10-01,P1015,Lamp,Home,Berlin Warehouse,North America,S05,Supplier E,435,529,849,320,598.73,17,Sea,400326.15,Wholesale,V2
T00585,2025-10-02,2025-10-10,P1005,Printer,Electronics,BERLIN WH,Europe,S04,Supplier D,601,622,1222,406,654.84,10,Air,602262.92,Wholesale,V1
T00586,2024-06-04,2024-09-06,P1006,Desk,Furniture,Hamburg WH,north america,S07,Supplier G,547,630,963,486,760.17,6,Road,664900.57,Retail,V2
T00587,2024-03-09,2024-09-21,P1010,Mouse,Electronics,BERLIN WH,Europe,S03,Supplier C,748,739,931,368,190.78,11,Road,214855.76,Retail,V1
T00588,2025-10-30,2025-11-16,P1003,Tablet,Electrnics,Berlin Warehouse,Europe,S04,Supplier D,393,459,502,220,1044.27,11,Air,596454.45,Retail,V2
T00589,2024-03-10,2024-03-22,P1009,Keyboard,Electronics,Berlin WH,NA,S02,Supplier B,531,603,641,244,771.55,999,Sea,648313.84,Wholesale,V2
T00590,29/03/2025,2025-04-25,P1012,Camera,Electronics,Berlin WH,N. America,S05,Supplier E,505,494,508,227,950.07,26,Air,742507.08,Retail,V3
T00591,2025-09-23,2025-10-03,P1005,Printer,Electronics,Berlin WH,NA,S04, Supplier A ,831,733,1139,455,1235.65,9,Air,1530983.52,Wholesale,V1
T00592,2025-05-29,2025-06-11,P1014,Shelf,Furniture,Hamburg WH,Europe,S08,Supplier H,278,249,653,482,687.92,13,Sea,210416.82,Retail,V1
T00593,2024-07-16,2024-08-09,P1004,Headphones,Electronics,BERLIN WH,Europe,S01,Supplier A,384,403,684,359,1209.24,26,Air,843675.2,Retail,V1
T00594,2024-03-08,2024-03-28,P1003,Tablet,Electronics,Hamburg WH,N. America,S08,Supplier H,473,466,935,465,1452.74,17,Sea,776218.47,Wholesale,V1
T00595,14/09/2025,2025-05-10,P1012,Camera,Electronics,Munich WH,north america,S07,Supplier G,595,627,752,310,1209.65,14,Road,1064432.68,Retail,V3
T00596,21/04/2024,2024-05-22,P1008,Monitor,Electronics,Munich WH,north america,S08,Supplier H,347,370,527,171,571.35,30,Sea,242707.68,Retail,V3
T00597,31/01/2025,2025-02-16,P1009,Keyboard,Electronics,Hamburg WH,NA,S01,Supplier A,465,427,148,247,991.96,11,Sea,676070.39,Wholesale,V1
T00598,2025-03-08,2025-07-04,P1005,Printer,Electronics,Hamburg WH,Europe,S01,Supplier A,380,474,,414,1210.65,30,Air,941665.62,Retail,V1
T00599,2025-08-22,2025-09-09,P1015,Lamp,Home,Hamburg WH,North America,S03,Supplier C,676,611,720,351,883.9,15,Air,889684.49,Wholesale,V3
T00600,2025-12-30,2026-05-01,P1015,Lamp,Home,BERLIN WH,N. America,S04,Supplier D,997,990,856,382,227.68,4,Road,353840.25,Retail,V1
T00601,2024-04-26,2024-05-08,P1012,Camera,Electronics,Munich WH,Europe,S08,Supplier H,579,668,874,474,308.56,13,Road,355200.54,Retail,V2
T00602,17/07/2025,2025-08-05,P1007,Chair,Furniture,Berlin Warehouse,N. America,S01,Supplier A,598,542,754,237,903.79,12,Air,763140.36,Retail,V3
T00603,2024-02-22,2024-03-23,P1007,Chair,electronics,BERLIN WH,N. America,S05,Supplier E,549,522,935,308,251.59,25,Air,188031.02,Retail,V1
T00604,2024-04-01,2024-01-25,P1010,Mouse,Electronics,Hamburg WH,north america,S05,Supplier E,335,381,933,156,484.46,16,Air,234240.39,Wholesale,V1
T00605,2024-08-10,30/08/2024,P1010,Mouse,Electronics,Berlin WH,north america,S08,Supplier H,761,655,348,382,770.45,15,Road,621492.35,Retail,V1
T00606,2025-07-14,2025-07-21,P1005,Printer,Electronics,Berlin WH,NA,S04,Supplier D,501,526,580,175,1236.31,7,Air,1015544.43,Retail,V1
T00607,2025-11-14,2025-11-16,P1010,Mouse,Electronics,Berlin WH,Europe,S05,Supplier E,884,821,913,319,410.81,4,Air,592709.54,Retail,V3
T00608,2024-10-18,19/11/2024,P1010,Mouse,Electronics,BERLIN WH,North America,S03,Supplier C,298,329,976,383,302.57,25,Air,157903.96,Wholesale,V2
T00609,2025-12-01,2025-02-11,P1015,Lamp,Home,Munich WH,North America,S07,Supplier G,502,555,358,184,999.71,26,Sea,926835.22,Wholesale,V1
T00610,2024-05-04,2024-05-26,P1012,Camera,Electronics,Munich WH,N. America,S05,Supplier E,511,585,-20,318,150.81,18,Road,140211,Retail,V3
T00611,2024-02-29,2024-04-01,P1002,Phone,Electronics,BERLIN WH,Europe,S02,Supplier B,307,378,209,397,404.17,25,Road,171655.35,Wholesale,V2
T00612,22/06/2025,20/07/2025,P1010,Mouse,Electronics,Hamburg WH,north america,S06, Supplier A ,470,460,822,216,77.69,21,Road,55993.11,Wholesale,V2
T00613,2024-03-07,2024-07-09,P1015,Lamp,Home,Berlin WH,North America,S04,Supplier D,671,581,624,298,501.43,8,Sea,504198.29,Retail,V3
T00614,31/07/2024,2024-08-06,P1013,Sofa,electronics,BERLIN WH,north america,S07,Supplier G,456,443,-20,361,119.54,3,Road,61770.39,Retail,V1
T00615,2025-10-17,2025-12-11,P1004,Headphones,electronics,BERLIN WH,NA,S05,Supplier E,,590,853,280,1496.49,27,Road,1120479,Wholesale,V1
T00616,2024-04-26,17/05/2024,P1011,Router,Electronics,Munich WH,North America,S06,Supplier F,415,488,574,324,53.19,14,Air,35101.24,Retail,V2
T00617,2024-12-12,2025-06-01,P1015,Lamp,Home,Berlin Warehouse,Europe,S08,Supplier H,869,940,1057,392,988.43,27,Air,1172938.21,Wholesale,V3
T00618,2024-12-09,2025-01-12,P1008,Monitor,Electronics,BERLIN WH,north america,S07,Supplier G,864,1060,857,178,1258.94,28,Road,2046644.21,Wholesale,V3
T00619,2025-07-02,2025-07-28,P1001,Laptop,Electronics,BERLIN WH,North America,S04, Supplier A ,849,741,955,445,888.67,23,Air,992145.81,Wholesale,V1
T00620,13/12/2024,2025-07-01,P1007,Chair,Furniture,Berlin Warehouse,north america,S03,Supplier C,1062,1112,576,442,358.74,21,Air,605477.61,Wholesale,V3
T00621,2024-11-18,2024-12-02,P1012,Camera,Electronics,Hamburg WH,N. America,S01, Supplier A ,835,944,174,289,1493.53,15,Sea,2519170.97,Wholesale,V2
T00622,2024-09-08,2024-08-17,P1009,Keyboard,Electronics,Berlin WH,N. America,S05,Supplier E,905,834,837,239,897.87,5,Air,851669.7,Wholesale,V3
T00623,2024-01-26,2024-02-02,P1013,Sofa,Furniture,BERLIN WH,Europe,S08,Supplier H,786,734,573,406,572.22,6,Road,738874.12,Wholesale,V2
T00624,2024-05-26,2024-06-18,P1013,Sofa,Furniture,Berlin Warehouse,North America,S02,Supplier B,538,500,380,414,1051.76,23,Sea,817242.38,Wholesale,V3
T00625,2025-06-18,2025-06-29,P1002,Phone,Electronics,Munich WH,North America,S01,Supplier A,432,410,578,309,906.97,3,Sea,455729.91,Wholesale,V1
T00626,2024-04-15,2024-05-07,P1009,Keyboard,Electronics,Berlin Warehouse,NA,S05,Supplier E,482,452,1154,161,1259.3,20,Air,693750.98,Retail,V2
T00627,2024-10-10,2024-11-01,P1009,Keyboard,Electronics,BERLIN WH,N. America,S06, Supplier A ,778,686,913,375,1208.16,23,Air,1469163.46,Wholesale,V1
T00628,2024-01-16,2024-02-07,P1010,Mouse,Electronics,Munich WH,NA,S02,,367,382,1465,255,247.46,19,Sea,141872.57,Retail,V3
T00629,17/10/2024,2024-10-23,P1010,Mouse,Electronics,Munich WH,NA,S04,Supplier D,,546,648,237,897.4,4,Road,660712.73,Wholesale,V1
T00630,13/05/2024,2024-05-15,P1001,Laptop,Electronics,Hamburg WH,North America,S08,Supplier H,420,403,-20,495,1323.84,3,Air,916587.46,Wholesale,V2
T00631,2024-07-02,2024-07-17,P1012,Camera,Electronics,BERLIN WH,N. America,S08,Supplier H,416,364,-20,465,1331.42,13,Road,599814.47,Retail,V2
T00632,2025-08-04,2025-08-14,P1003,Tablet,Electronics,BERLIN WH,Europe,S02,Supplier B,663,592,949,389,1495.91,5,Sea,992749.87,Retail,V1
T00633,2024-05-27,2024-10-06,P1014,Shelf,Furniture,BERLIN WH,NA,S05,Supplier E,630,530,905,336,708.21,14,Sea,635534.14,Wholesale,V1
T00634,2024-03-07,29/03/2024,P1008,Monitor,Electronics,Berlin Warehouse,NA,S02,Supplier B,,478,578,329,1463.51,17,Sea,1169577.88,Retail,V3
T00635,2024-04-15,2024-05-12,P1007,Chair,Furniture,Berlin WH,NA,S02,Supplier B,393,475,513,316,331.97,19,Road,198771.73,Wholesale,V2
T00636,2025-08-27,2025-11-09,P1007,Chair,Furniture,Berlin Warehouse,Europe,S04,,413,492,642,467,267.89,9,Sea,158569.91,Retail,V2
T00637,2024-01-08,2024-08-24,P1014,Shelf,Furniture,Munich WH,N. America,S07,Supplier G,630,692,819,372,1201.47,20,Air,1104436.16,Retail,V3
T00638,2025-12-29,25/01/2026,P1010,Mouse,Electronics,Hamburg WH,NA,S08,Supplier H,662,778,509,208,399.57,20,Road,419271.65,Retail,V2
T00639,2024-06-29,2024-07-19,P1005,Printer,Electronics,Munich WH,Europe,S07,Supplier G,393,445,745,185,1217.35,21,Sea,651606.28,Wholesale,V3
T00640,2025-11-07,2025-12-05,P1001,Laptop,Electronics,Munich WH,North America,S02,Supplier B,866,1005,604,261,142.45,28,Air,206035.76,Retail,V2
T00641,28/06/2025,23/07/2025,P1005,Printer,electronics,Berlin Warehouse,N. America,S07,Supplier G,637,568,253,465,222.98,20,Road,190800.85,Wholesale,V2
T00642,2025-06-08,2025-02-09,P1013,Sofa,Furniture,Berlin WH,north america,S05,Supplier E,587,560,704,372,424.99,24,Air,343065.13,Wholesale,V1
T00643,2024-10-28,29/10/2024,P1001,Laptop,Electronics,Munich WH,NA,S06,Supplier F,452,490,491,431,1237.12,3,Air,690985.59,Wholesale,V1
T00644,28/08/2024,13/09/2024,P1007,Chair,Furniture,Hamburg WH,Europe,S07,Supplier G,607,557,119,470,869.95,12,Sea,759332.46,Retail,V3
T00645,26/06/2024,19/07/2024,P1008,Monitor,Electronics,BERLIN WH,Europe,S03,Supplier C,515,557,792,246,816.27,19,Air,767504.51,Wholesale,V3
T00646,2024-05-08,28/05/2024,P1003,Tablet,Electronics,Berlin Warehouse,Europe,S01,Supplier A,355,357,575,186,1117.63,22,Road,576465.74,Wholesale,V1
T00647,2024-03-27,2024-03-05,P1003,Tablet,Electronics,Hamburg WH,north america,S07,Supplier G,613,649,684,383,1292.5,30,Air,1161584.51,Wholesale,V3
T00648,2025-10-03,24/03/2025,P1009,Keyboard,Electronics,Berlin Warehouse,Europe,S08,Supplier H,481,436,208,346,206.48,13,Road,111405.69,Retail,V3
T00649,2025-05-25,2025-06-08,P1014,Shelf,Furniture,Munich WH,north america,S04,Supplier D,724,728,1106,406,974.22,10,Sea,894255.73,Retail,V1
T00650,2025-08-04,2025-08-29,P1008,Monitor,Electronics,Berlin WH,N. America,S06,Supplier F,476,448,915,207,229.01,20,Road,153855.14,Wholesale,V2
T00651,13/06/2025,2025-07-08,P1002,Phone,Electronics,Berlin WH,north america,S02,Supplier B,380,429,490,275,290.6,17,Road,209191.61,Wholesale,V3
T00652,2024-02-24,19/03/2024,P1015,Lamp,Home,Hamburg WH,Europe,S06,Supplier F,647,545,652,423,865.47,26,Road,566064.92,Wholesale,V3
T00653,2024-05-12,16/12/2024,P1007,Chair,Furniture,Berlin WH,north america,S06,Supplier F,990,1046,571,300,148.79,11,Road,231856.17,Wholesale,V3
T00654,31/07/2025,2025-08-24,P1005,Printer,Electronics,Berlin Warehouse,north america,S01,Supplier A,476,548,817,472,1015.69,17,Air,698170.51,Wholesale,V3
T00655,2025-10-01,2025-10-05,P1001,Laptop,Electronics,Munich WH,North America,S05,Supplier E,494,549,623,398,409.61,4,Sea,247466.33,Wholesale,V1
T00656,2025-09-22,2025-09-23,P1005,Printer,Electronics,Munich WH,N. America,S05,Supplier E,772,735,793,281,1130.39,2,Road,1002349.58,Retail,V3
T00657,2025-02-04,2025-04-30,P1006,Desk,Furniture,Hamburg WH,N. America,S03,Supplier C,208,249,553,283,739.47,27,Road,321214.62,Retail,V2
T00658,2024-03-27,2024-04-26,P1003,Tablet,Electronics,Hamburg WH,N. America,S03,Supplier C,489,421,516,403,712.74,26,Road,428013.51,Wholesale,V3
T00659,2025-10-14,2025-11-11,P1003,Tablet,Electronics,Berlin WH,NA,S04,Supplier D,424,427,,445,656.38,25,Air,425410.78,Retail,V1
T00660,2025-04-20,2025-05-13,P1007,Chair,Furniture,Berlin Warehouse,Europe,S08,Supplier H,555,640,608,304,65.09,17,Road,51785.14,Wholesale,V2
T00661,2024-09-25,2024-11-10,P1003,Tablet,Electronics,Hamburg WH,NA,S07,Supplier G,748,716,167,156,1367.7,11,Road,1426700.98,Retail,V1
T00662,28/06/2025,2025-07-27,P1011,Router,Electronics,BERLIN WH,NA,S06,Supplier F,,421,700,371,835.72,21,Sea,494939.49,Wholesale,V1
T00663,2024-09-18,22/10/2024,P1011,Router,Electronics,Berlin Warehouse,north america,S07,Supplier G,538,665,771,386,684.58,26,Air,576448.03,Wholesale,V3
T00664,2025-07-12,2025-12-17,P1003,Tablet,Electronics,Berlin WH,North America,S06,Supplier F,847,929,476,430,276.77,2,Air,351180.28,Wholesale,V1
T00665,21/06/2025,2025-02-07,P1002,Phone,Electronics,BERLIN WH,N. America,S08,Supplier H,489,445,1014,329,205.72,9,Air,150220.51,Retail,V3
T00666,2024-04-04,2024-04-25,P1001,Laptop,Electronics,Berlin WH,North America,S04,Supplier D,605,590,420,456,1395.13,22,Road,1128610.22,Retail,V2
T00667,2025-11-03,2025-11-27,P1013,Sofa,Furniture,BERLIN WH,NA,S03, Supplier A ,1011,911,1023,206,366.95,24,Sea,448471.58,Retail,V3
T00668,2025-04-09,2025-05-11,P1015,Lamp,Home,BERLIN WH,NA,S05,Supplier E,507,560,748,368,924.97,24,Air,815797.63,Retail,V2
T00669,2024-04-03,2024-09-03,P1007,Chair,Furniture,BERLIN WH,N. America,S07,Supplier G,712,604,586,320,1329.59,3,Sea,1298846.58,Retail,V2
T00670,2024-07-24,2024-08-20,P1010,Mouse,Electronics,Berlin WH,N. America,S07, Supplier A ,455,384,454,241,35.22,22,Road,21655.87,Wholesale,V1
T00671,20/09/2025,16/10/2025,P1011,Router,Electronics,Berlin WH,North America,S02,Supplier B,962,805,1068,376,481.58,24,Air,518697.37,Retail,V3
T00672,2024-09-13,2024-10-18,P1013,Sofa,Furniture,Berlin Warehouse,North America,S08,Supplier H,620,686,500,159,528.21,30,Air,610273.43,Wholesale,V2
T00673,2024-06-04,22/06/2024,P1012,Camera,Electronics,Munich WH,Europe,S06,Supplier F,475,576,652,350,156.69,20,Sea,109563.5,Wholesale,V2
T00674,2024-03-12,2024-03-31,P1009,Keyboard,Electronics,Berlin WH,north america,S04,Supplier D,436,368,774,151,681.14,14,Road,363722.65,Wholesale,V2
T00675,2025-11-29,29/12/2025,P1005,Printer,Electronics,Berlin WH,NA,S07,Supplier G,933,877,292,178,1131.74,22,Road,1615558.42,Wholesale,V1
T00676,2025-04-15,2025-04-23,P1013,Sofa,Furniture,Munich WH,North America,S05,Supplier E,679,603,741,481,1140.43,8,Sea,783214.35,Retail,V2
T00677,13/12/2025,2026-01-09,P1007,Chair,Furniture,Hamburg WH,North America,S02,Supplier B,755,786,1136,472,1329.19,24,Road,1804161,Wholesale,V3
T00678,13/07/2024,2024-07-22,P1003,Tablet,Electronics,Berlin Warehouse,Europe,S01,Supplier A,,467,848,248,422.02,2,Sea,243087.89,Retail,V3
T00679,20/10/2025,2025-11-22,P1005,Printer,Electronics,Berlin WH,North America,S08,Supplier H,423,436,,423,1249.8,28,Sea,645135.21,Retail,V2
T00680,2024-02-13,2024-03-19,P1007,Chair,Furniture,Munich WH,Europe,S02,Supplier B,482,527,1128,258,749.37,27,Road,517326.55,Retail,V3
T00681,2025-08-16,2025-09-10,P1004,Headphones,Electronics,Hamburg WH,North America,S02,,463,535,1196,168,192.54,25,Sea,152729.95,Retail,V1
T00682,2025-12-19,2026-03-01,P1011,Router,Electronics,Berlin WH,NA,S03,Supplier C,946,866,878,157,994.82,7,Air,1509448.93,Wholesale,V3
T00683,2024-06-23,2024-07-03,P1014,Shelf,Furniture,Munich WH,north america,S02,Supplier B,-564,531,1018,204,1349.61,5,Air,988725.81,Retail,V1
T00684,2025-12-03,2025-03-25,P1006,Desk,Furniture,Munich WH,north america,S07,Supplier G,468,556,826,316,873.75,5,Air,692168.74,Wholesale,V1
T00685,16/02/2024,2024-02-19,P1010,Mouse,Electronics,BERLIN WH,N. America,S03,,553,681,850,321,994.9,4,Sea,997729.04,Retail,V3
T00686,2025-01-13,29/01/2025,P1009,Keyboard,Electronics,Berlin WH,N. America,S03,Supplier C,340,290,845,374,1231.74,9,Air,638859.37,Wholesale,V1
T00687,2024-01-17,2024-01-17,P1015,Lamp,Home,Berlin Warehouse,North America,S08, Supplier A ,222,271,484,191,98.09,2,Road,42117.35,Wholesale,V2
T00688,2025-12-11,19/12/2025,P1013,Sofa,Furniture,BERLIN WH,north america,S08,Supplier H,749,717,641,214,394.23,8,Sea,425221.75,Wholesale,V1
T00689,2024-06-27,2024-09-07,P1010,Mouse,Electronics,Munich WH,North America,S01,,709,629,582,455,726.48,7,Road,614867.72,Wholesale,V2
T00690,2025-04-03,15/03/2025,P1001,Laptop,Electronics,Berlin WH,north america,S04,Supplier D,594,638,570,248,329.41,5,Sea,243638.82,Retail,V2
T00691,2025-03-10,2025-07-10,P1011,Router,Electronics,Berlin WH,N. America,S04,Supplier D,360,317,-8,291,347.43,3,Road,150521.26,Wholesale,V2
T00692,29/06/2024,2024-07-24,P1003,Tablet,Electronics,BERLIN WH,N. America,S01,Supplier A,532,558,815,177,699.5,22,Sea,512218.3,Wholesale,V2
T00693,2025-09-23,2025-09-26,P1013,Sofa,Furniture,Munich WH,N. America,S08,Supplier H,731,722,812,172,68.34,5,Air,70702.26,Retail,V2
T00694,2025-11-06,2025-07-11,P1002,Phone,Electronics,Munich WH,north america,S02,Supplier B,384,362,621,270,1457.3,25,Sea,787901.84,Wholesale,V1
T00695,2025-11-24,2025-12-19,P1015,Lamp,Home,BERLIN WH,N. America,S06,Supplier F,829,858,742,267,192.21,0,Air,252149.76,Retail,V3
T00696,2025-02-26,29/03/2025,P1014,Shelf,Furniture,Berlin WH,Europe,S04,,432,521,821,342,544.91,30,Road,421720.53,Wholesale,V1
T00697,2025-03-22,2025-07-04,P1003,Tablet,Electrnics,Hamburg WH,NA,S04,Supplier D,719,639,615,462,925.51,16,Air,805145.33,Wholesale,V3
T00698,17/07/2024,2024-07-28,P1011,Router,Electronics,Berlin Warehouse,North America,S06,Supplier F,418,444,627,288,631.5,8,Road,441068.5,Retail,V2
T00699,2024-05-19,2024-06-03,P1002,Phone,Electronics,BERLIN WH,N. America,S08,Supplier H,414,433,751,384,289.03,15,Sea,151402.56,Retail,V3
T00700,18/09/2025,2025-08-10,P1015,Lamp,Home,Berlin WH,Europe,S03,Supplier C,640,556,626,445,844.42,19,Road,592490.12,Wholesale,V1
T00701,28/08/2025,2025-03-09,P1008,Monitor,Electronics,Berlin Warehouse,N. America,S08,Supplier H,1076,910,,292,346.26,2,Sea,542069.26,Wholesale,V3
T00702,2024-08-15,2024-12-09,P1015,Lamp,Home,Hamburg WH,North America,S03,Supplier C,830,864,1057,443,1133.55,30,Air,1441565.71,Wholesale,V3
T00703,2025-05-31,2025-06-19,P1001,Laptop,Electronics,Berlin WH,Europe,S07,Supplier G,450,412,1154,421,1240.22,14,Sea,614444.94,Retail,V1
T00704,2025-07-25,2025-08-02,P1013,Sofa,Furniture,BERLIN WH,NA,S01,Supplier A,589,518,1013,358,658.33,8,Air,465597.36,Retail,V1
T00705,2025-05-06,2025-04-06,P1011,Router,Electronics,Munich WH,north america,S05,Supplier E,542,477,777,232,736.35,24,Air,512762.09,Wholesale,V2
T00706,21/05/2024,20/06/2024,P1014,Shelf,Electronic,Hamburg WH,North America,S07,Supplier G,539,580,258,244,78.12,27,Road,58467.46,Retail,V2
T00707,2025-08-12,25/12/2025,P1006,Desk,Furniture,Munich WH,north america,S01,Supplier A,-969,888,804,301,531.79,15,Road,741289.47,Retail,V3
T00708,23/03/2024,2024-04-18,P1010,Mouse,Electronics,BERLIN WH,North America,S06,Supplier F,599,661,581,178,1485.69,18,Air,1097959.96,Wholesale,V2
T00709,2025-04-21,2025-04-05,P1010,Mouse,Electronics,Munich WH,North America,S01,Supplier A,749,697,967,337,198.17,13,Road,242680.7,Retail,V1
T00710,2024-12-08,2025-01-01,P1004,Headphones,Electronics,Berlin Warehouse,N. America,S02,Supplier B,847,953,412,482,474.68,17,Sea,670648.07,Wholesale,V2
T00711,30/05/2025,2025-06-01,P1011,Router,Electronics,BERLIN WH,NA,S07,Supplier G,312,360,629,291,638.85,3,Sea,374899.74,Wholesale,V3
T00712,2025-06-23,2025-07-23,P1014,Shelf,Furniture,Munich WH,NA,S02,Supplier B,321,399,643,390,999.34,24,Sea,606763.4,Wholesale,V3
T00713,2025-10-12,2026-01-14,P1013,Sofa,Furniture,Berlin WH,North America,S02,Supplier B,680,841,546,246,1255.72,30,Sea,1882199.15,Retail,V2
T00714,2024-03-19,2024-03-24,P1002,Phone,Electronics,Hamburg WH,N. America,S03,,522,455,573,291,1391.17,5,Air,882212.29,Retail,V2
T00715,2025-02-03,2025-03-19,P1011,Router,Electronics,Hamburg WH,North America,S03,Supplier C,219,270,1029,392,883.21,13,Sea,264200.07,Retail,V1
T00716,2024-01-23,2024-02-17,P1014,Shelf,Furniture,Hamburg WH,north america,S04,Supplier D,341,418,951,416,890.76,22,Sea,513222.47,Wholesale,V2
T00717,30/08/2025,2025-09-17,P1011,Router,Electronics,Berlin Warehouse,NA,S08,Supplier H,640,704,810,384,1069.97,11,Air,971737.4,Wholesale,V1
T00718,2025-05-10,19/05/2025,P1006,Desk,Furniture,BERLIN WH,Europe,S05,Supplier E,479,470,895,174,94.85,6,Air,62334.84,Retail,V3
T00719,2025-02-07,2025-07-08,P1005,Printer,Electronics,Berlin Warehouse,N. America,S03,,,551,817,239,354.6,28,Air,326705.27,Retail,V1
T00720,2024-11-20,2024-12-03,P1010,Mouse,Electronics,Berlin Warehouse,N. America,S03,Supplier C,,661,547,375,143.62,10,Road,118456.05,Retail,V3
T00721,20/11/2024,2024-12-12,P1006,Desk,Furniture,Berlin Warehouse,north america,S03,Supplier C,514,551,,340,603.97,16,Sea,489516.53,Retail,V1
T00722,2025-02-18,2025-09-03,P1015,Lamp,Home,Berlin Warehouse,North America,S08,Supplier H,594,530,403,224,1145.04,16,Road,732936.51,Wholesale,V3
T00723,23/12/2025,2026-01-25,P1005,Printer,Electronics,Berlin Warehouse,north america,S08,Supplier H,797,844,526,298,624.51,26,Road,830576.51,Wholesale,V2
T00724,2025-12-06,2025-12-20,P1002,Phone,Electronics,Munich WH,North America,S08,Supplier H,954,1088,485,170,969.43,6,Sea,1352049.59,Retail,V2
T00725,2025-09-24,2025-06-10,P1014,Shelf,Furniture,BERLIN WH,North America,S04,Supplier D,558,579,511,378,375.99,13,Road,341931.76,Retail,V3
T00726,23/06/2025,24/06/2025,P1004,Headphones,Electronics,Munich WH,Europe,S05,Supplier E,633,561,943,250,607.55,2,Road,412213.97,Retail,V3
T00727,2025-02-07,2025-03-07,P1004,Headphones,Electronics,Munich WH,North America,S08,Supplier H,-433,406,1032,312,420.55,21,Road,197526.22,Wholesale,V2
T00728,31/05/2024,2024-06-17,P1012,Camera,Electronics,Berlin WH,NA,S07,Supplier G,589,572,978,339,1301.83,14,Sea,969982.58,Wholesale,V2
T00729,2025-04-01,2025-05-01,P1014,Shelf,Furniture,Hamburg WH,Europe,S02,Supplier B,745,773,545,260,652.68,25,Sea,671618.84,Retail,V3
T00730,2025-10-03,2025-04-14,P1012,Camera,Electronics,Munich WH,North America,S07,Supplier G,560,637,-20,221,1402.96,28,Air,1414133.43,Retail,V2
T00731,2025-01-05,25/05/2025,P1014,Shelf,Furniture,Berlin WH,North America,S06,Supplier F,584,526,1019,183,43.98,20,Sea,38699.22,Wholesale,V2
T00732,28/06/2024,2024-07-24,P1009,Keyboard,Electronics,Berlin Warehouse,N. America,S08,Supplier H,521,579,518,440,1301.03,26,Sea,882855.67,Wholesale,V3
T00733,17/05/2025,2025-06-02,P1001,Laptop,Electronics,Munich WH,Europe,S05,,565,608,812,449,1021.2,11,Air,941249.56,Retail,V1
T00734,2024-06-06,2024-07-12,P1005,Printer,Electronics,Hamburg WH,North America,S05,Supplier E,714,694,929,477,655.01,28,Road,587834.3,Wholesale,V2
T00735,2024-02-07,2024-07-09,P1008,Monitor,Electronics,Hamburg WH,North America,S04,Supplier D,442,411,880,164,365.33,5,Road,230891.3,Wholesale,V3
T00736,2025-05-07,2025-06-06,P1010,Mouse,Electronics,Hamburg WH,North America,S07,Supplier G,332,403,877,282,213.84,22,Sea,131351.59,Retail,V2
T00737,2024-06-15,2024-07-02,P1010,Mouse,Electronics,Berlin Warehouse,NA,S01,Supplier A,394,398,1012,224,1394.71,12,Air,739596.95,Retail,V2
T00738,2025-01-04,2025-01-17,P1007,Chair,Furniture,Munich WH,North America,S06,Supplier F,383,461,694,174,402.72,11,Road,207838.93,Retail,V3
T00739,2024-07-06,2024-08-01,P1013,Sofa,Furniture,Munich WH,NA,S02,Supplier B,378,371,1177,456,278.48,26,Sea,135049.86,Wholesale,V2
T00740,2025-02-12,28/12/2025,P1012,Camera,Electronics,BERLIN WH,N. America,S06,Supplier F,759,926,719,199,1337.77,19,Air,1862890.74,Retail,V3
T00741,15/10/2024,2024-10-27,P1006,Desk,Furniture,Berlin WH,N. America,S08,Supplier H,50000,501,1417,360,153.02,12,Air,116576.73,Retail,V1
T00742,2025-07-26,2025-08-10,P1010,Mouse,Electronics,Berlin WH,N. America,S02,Supplier B,553,575,640,363,232.06,16,Air,213535.66,Wholesale,V2
T00743,2024-11-15,18/12/2024,P1012,Camera,Electronics,Munich WH,north america,S06,Supplier F,1000,927,235,221,1352.39,28,Sea,2074232.04,Retail,V3
T00744,2024-11-07,13/11/2024,P1001,Laptop,Electronics,Berlin Warehouse,NA,S02,Supplier B,1226,1041,990,263,457.82,6,Air,524620.69,Retail,V1
T00745,2024-03-21,28/03/2024,P1007,Chair,Furniture,Hamburg WH,North America,S02,,419,394,521,189,957.89,2,Air,571933.75,Retail,V1
T00746,2025-06-11,2025-11-13,P1009,Keyboard,Electronics,Berlin WH,North America,S01,Supplier A,1062,1039,388,390,527.24,5,Sea,654187.43,Retail,V1
T00747,2024-05-06,2024-06-06,P1015,Lamp,Home,Berlin Warehouse,NA,S04,,443,527,861,450,615,30,Air,521892.49,Retail,V1
T00748,2024-10-11,2024-10-24,P1010,Mouse,Electronics,Munich WH,N. America,S06,Supplier F,-363,454,769,330,1073.96,7,Road,658043.5,Retail,V1
T00749,2025-08-15,2025-08-24,P1013,Sofa,Furniture,BERLIN WH,N. America,S01,Supplier A,993,840,733,420,857.3,8,Road,1051481.25,Retail,V3
T00750,2024-04-11,2024-05-15,P1015,Lamp,Home,BERLIN WH,north america,S04,Supplier D,,511,489,408,918.56,29,Air,644045.97,Wholesale,V3
T00751,2024-04-19,2024-05-05,P1003,Tablet,Electrnics,Munich WH,N. America,S06,Supplier F,425,460,647,344,163.03,15,Sea,91779.5,Retail,V2
T00752,2024-05-06,2024-05-17,P1008,Monitor,Electronics,BERLIN WH,NA,S02,,-502,496,768,416,1312.96,6,Road,1170190.73,Retail,V1
T00753,2024-12-01,17/12/2024,P1008,Monitor,Electronics,Munich WH,NA,S02,Supplier B,980,1053,784,347,472.5,11,Road,687550.3,Wholesale,V1
T00754,2025-07-21,2025-07-28,P1007,Chair,Furniture,Hamburg WH,NA,S05,Supplier E,596,644,985,369,217.15,8,Air,215735.1,Retail,V3
T00755,18/05/2025,2025-06-09,P1011,Router,Electronics,Berlin WH,North America,S02,Supplier B,565,525,443,352,1056.91,16,Air,903024.96,Wholesale,V2
T00756,2025-12-12,19/12/2025,P1010,Mouse,Electronics,Berlin Warehouse,NA,S02,Supplier B,981,899,970,236,936.38,4,Air,1035966.37,Wholesale,V1
T00757,26/08/2024,2024-09-12,P1014,Shelf,Furniture,Munich WH,NA,S07,Supplier G,1082,950,446,405,310.44,10,Road,350328.63,Wholesale,V2
T00758,2025-05-02,2025-05-22,P1011,Router,Electronics,Berlin Warehouse,Europe,S07,Supplier G,819,806,539,398,147.33,18,Air,135363.06,Retail,V2
T00759,2025-05-16,2025-05-20,P1008,Monitor,Electronics,Berlin WH,North America,S04,Supplier D,532,523,473,471,365.94,6,Air,295968.29,Wholesale,V3
T00760,2024-01-28,2024-02-23,P1003,Tablet,Electronics,Berlin Warehouse,NA,S07,Supplier G,663,736,695,459,475.5,23,Road,535292.34,Retail,V1
T00761,2025-11-07,2025-11-17,P1013,Sofa,Furniture,Hamburg WH,Europe,S08,Supplier H,1031,1090,843,388,968.63,8,Road,1505925.72,Wholesale,V3
T00762,2024-12-17,2024-12-31,P1013,Sofa,Furniture,Hamburg WH,Europe,S01,Supplier A,992,971,469,166,550.76,15,Sea,929428.01,Wholesale,V2
T00763,2025-04-15,2025-12-05,P1001,Laptop,Electronics,BERLIN WH,N. America,S01,Supplier A,402,376,1007,240,605.99,19,Sea,371257.35,Wholesale,V1
T00764,2024-11-15,2024-12-10,P1012,Camera,Electronics,Munich WH,Europe,S07,Supplier G,738,629,405,399,391.3,26,Road,291492.27,Wholesale,V2
T00765,29/07/2025,2025-08-05,P1014,Shelf,Furniture,BERLIN WH,Europe,S03,Supplier C,524,551,719,409,111.81,3,Road,82400.62,Wholesale,V3
T00766,2025-11-23,2025-11-24,P1006,Desk,Furniture,Munich WH,North America,S05,Supplier E,,749,705,314,1496.67,3,Air,1587588.22,Wholesale,V2
T00767,2025-08-20,2025-08-29,P1001,Laptop,Electronics,BERLIN WH,NA,S06,Supplier F,474,561,-20,344,1327.24,5,Sea,1035249.9,Wholesale,V1
T00768,2025-08-11,2025-02-12,P1004,Headphones,Electronics,Munich WH,North America,S04,Supplier D,1064,1090,420,270,979.39,22,Road,1220205.86,Retail,V2
T00769,2024-04-27,19/05/2024,P1006,Desk,Furniture,Berlin WH,Europe,S03,Supplier C,471,548,732,160,726.58,19,Road,605715.64,Wholesale,V3
T00770,2025-06-11,2025-06-18,P1015,Lamp,Home,Munich WH,North America,S07,Supplier G,265,284,1072,286,207.7,2,Sea,81060.82,Wholesale,V3
T00771,2025-02-03,2025-02-16,P1006,Desk,Furniture,Berlin Warehouse,NA,S02,Supplier B,494,560,517,400,106.68,5,Sea,88814.04,Wholesale,V1
T00772,2025-09-21,2025-10-04,P1005,Printer,Electronics,Berlin WH,north america,S06,Supplier F,844,819,763,373,531.31,8,Air,723254.62,Wholesale,V2
T00773,18/02/2024,2024-03-09,P1005,Printer,Electronics,Munich WH,North America,S07,Supplier G,412,402,719,265,1363.87,21,Road,755205.33,Wholesale,V2
T00774,2024-03-09,20/03/2024,P1010,Mouse,Electronics,Berlin WH,NA,S08,Supplier H,350,407,589,368,660.5,8,Road,407798.76,Wholesale,V2
T00775,2025-11-10,2025-11-29,P1009,Keyboard,Electronics,BERLIN WH,north america,S06,Supplier F,1086,960,1072,252,138.68,15,Road,190884.11,Wholesale,V3
T00776,14/07/2025,13/08/2025,P1003,Tablet,Electronics,Berlin Warehouse,north america,S01,Supplier A,702,631,808,471,430.06,24,Sea,477231.89,Retail,V3
T00777,2025-04-23,2025-05-26,P1005,Printer,Electronics,Berlin WH,north america,S07,Supplier G,569,552,66,439,1405.19,25,Air,1218240.24,Wholesale,V2
T00778,2024-05-31,2024-06-28,P1004,Headphones,Electronics,Hamburg WH,Europe,S03,Supplier C,784,665,679,500,52.66,26,Sea,62605.56,Retail,V3
T00779,2024-07-27,2024-08-26,P1014,Shelf,Furniture,Berlin Warehouse,NA,S07,,408,419,599,286,973.06,28,Road,557206.44,Retail,V2
T00780,2024-01-09,2024-09-04,P1002,Phone,Electronics,BERLIN WH,Europe,S03,Supplier C,830,715,552,248,587.16,2,Sea,525375.83,Wholesale,V2
T00781,2025-10-24,2025-02-11,P1015,Lamp,Home,Berlin Warehouse,North America,S01,Supplier A,481,427,680,253,1242.98,7,Sea,802285.59,Wholesale,V3
T00782,17/07/2025,2025-11-08,P1003,Tablet,Electronics,Berlin WH,North America,S01,Supplier A,649,636,560,398,1242.38,27,Sea,1218433.69,Wholesale,V1
T00783,2025-02-20,2025-03-14,P1015,Lamp,Home,Hamburg WH,N. America,S06,Supplier F,535,555,1036,493,1437.76,23,Air,1180002.3,Retail,V3
T00784,2025-05-27,2025-06-26,P1015,Lamp,Electronic,Munich WH,NA,S02,Supplier B,354,338,826,417,865.98,23,Sea,359843.06,Retail,V1
T00785,2025-06-09,2025-11-10,P1002,Phone,Electronics,Hamburg WH,N. America,S06,Supplier F,792,717,546,318,794.63,28,Sea,717167.23,Retail,V1
T00786,19/04/2024,2024-09-05,P1003,Tablet,Electronics,BERLIN WH,north america,S04,Supplier D,418,428,758,290,261.78,16,Air,137713.02,Wholesale,V3
T00787,2025-01-18,2025-02-10,P1012,Camera,Electronics,Hamburg WH,N. America,S02,Supplier B,362,442,386,312,608.73,19,Sea,392340.05,Retail,V2
T00788,2025-01-05,2025-11-05,P1012,Camera,Electronics,Munich WH,North America,S06, Supplier A ,,214,615,307,235.08,2,Road,73145.93,Retail,V3
T00789,18/11/2025,2025-12-04,P1004,Headphones,Electrnics,BERLIN WH,North America,S05, Supplier A ,1269,1103,1174,432,845.65,14,Road,1652700.01,Retail,V2
T00790,2025-02-01,2025-02-11,P1001,Laptop,Electronics,Berlin Warehouse,NA,S07,Supplier G,615,752,849,280,1420.04,11,Air,1804183.33,Retail,V2
T00791,2025-10-08,2025-10-17,P1006,Desk,Furniture,Hamburg WH,Europe,S07,Supplier G,386,445,645,167,207.88,10,Road,109740.45,Wholesale,V2
T00792,2025-08-03,2025-03-04,P1015,Lamp,Home,Munich WH,North America,S02,Supplier B,285,303,729,232,1484.47,24,Sea,710234.36,Wholesale,V3
T00793,14/07/2025,2025-05-08,P1012,Camera,Electronics,Berlin WH,N. America,S06,Supplier F,512,617,173,382,26.2,24,Road,25368.43,Wholesale,V3
T00794,2024-05-19,2024-06-12,P1001,Laptop,Electronics,BERLIN WH,north america,S07,Supplier G,,366,1142,252,634.86,22,Air,259499.08,Retail,V1
T00795,2024-09-12,2024-09-10,P1009,Keyboard,Electronics,BERLIN WH,Europe,S03,,485,578,,454,1435.95,23,Sea,1261196.24,Retail,V2
T00796,2024-06-26,2024-03-07,P1011,Router,Electronics,Hamburg WH,NA,S06,Supplier F,373,390,983,294,370.65,8,Air,168820.56,Wholesale,V2
T00797,2025-08-07,2025-09-03,P1004,Headphones,Electronics,Munich WH,N. America,S01,Supplier A,812,759,566,161,829.45,19,Air,901873.63,Wholesale,V1
T00798,2024-09-25,2024-10-16,P1012,Camera,Electronics,Hamburg WH,north america,S03,Supplier C,658,592,371,175,1488.92,14,Sea,1118080.44,Retail,V1
T00799,2025-11-01,2025-02-10,P1003,Tablet,Electronics,Hamburg WH,Europe,S02,Supplier B,449,505,712,157,611.01,24,Road,427902.13,Wholesale,V1
T00800,2024-08-17,2024-09-17,P1012,Camera,Electronics,BERLIN WH,Europe,S04,Supplier D,685,628,969,247,641.62,29,Sea,606361.03,Retail,V2
T00801,30/07/2024,2024-01-09,P1010,Mouse,Electronics,Berlin Warehouse,Europe,S04, Supplier A ,632,552,,294,108.23,25,Air,94658.86,Wholesale,V1
T00802,30/01/2024,25/02/2024,P1005,Printer,Electronics,Berlin Warehouse,NA,S05,Supplier E,478,469,432,270,616.05,21,Road,422911.25,Wholesale,V1
T00803,2024-01-11,2024-02-08,P1008,Monitor,Electronics,Berlin Warehouse,Europe,S03,Supplier C,327,384,1107,315,254.93,24,Road,172731.55,Wholesale,V3
T00804,2025-09-03,2025-09-20,P1005,Printer,Electronics,Berlin WH,NA,S02,Supplier B,858,864,407,198,639.22,19,Air,745844.61,Wholesale,V2
T00805,2025-12-09,28/09/2025,P1011,Router,Electronics,Munich WH,Europe,S01,Supplier A,759,879,1164,152,718.17,10,Sea,938972.22,Wholesale,V3
T00806,2025-01-14,23/01/2025,P1003,Tablet,Electronics,Berlin Warehouse,north america,S01,Supplier A,364,332,784,447,57.29,7,Sea,25646.61,Wholesale,V2
T00807,2024-05-15,2024-05-30,P1002,Phone,Electronics,BERLIN WH,North America,S06,Supplier F,487,539,1062,421,1048.53,15,Sea,846139.18,Retail,V1
T00808,2025-05-26,2025-06-12,P1014,Shelf,Furniture,BERLIN WH,north america,S05,Supplier E,603,578,907,334,742.5,15,Sea,512091.47,Wholesale,V2
T00809,2024-06-17,14/07/2024,P1006,Desk,Furniture,Hamburg WH,North America,S08,,453,436,308,227,780.29,19,Air,442856.65,Retail,V1
T00810,2024-08-23,2024-02-09,P1003,Tablet,Electronics,Hamburg WH,Europe,S01,Supplier A,639,699,,390,1107.22,10,Air,864314.65,Wholesale,V1
T00811,28/03/2025,13/04/2025,P1006,Desk,Furniture,Berlin Warehouse,North America,S08,Supplier H,500,576,730,384,718.04,17,Sea,481418.07,Retail,V1
T00812,2024-10-17,2024-11-16,P1003,Tablet,Electronics,Munich WH,north america,S03,Supplier C,,602,1230,410,791.64,28,Air,823318.71,Retail,V3
T00813,2025-07-08,2025-08-21,P1003,Tablet,Electronics,Berlin WH,NA,S07,Supplier G,840,727,968,189,903.48,9,Air,1095009.61,Wholesale,V3
T00814,2025-11-27,2025-12-16,P1002,Phone,Electronics,BERLIN WH,N. America,S07,,1266,1087,590,341,866.74,20,Air,1155589.27,Retail,V2
T00815,2025-12-25,2026-01-18,P1011,Router,Electronics,Munich WH,North America,S08,Supplier H,718,800,540,382,473.49,22,Sea,563867.37,Retail,V3
T00816,29/09/2025,2025-10-06,P1008,Monitor,Electronics,Berlin WH,NA,S06,Supplier F,536,513,1165,441,140.73,6,Sea,83850.42,Retail,V3
T00817,2024-03-13,2024-03-29,P1009,Keyboard,Electronics,Berlin Warehouse,N. America,S07,Supplier G,449,508,376,197,439.26,14,Sea,307987.7,Retail,V1
T00818,2024-08-01,2024-08-20,P1003,Tablet,Electronics,Berlin Warehouse,North America,S07,Supplier G,962,860,995,356,1400.47,11,Sea,1341822.5,Wholesale,V2
T00819,2024-11-13,2024-05-12,P1015,Lamp,Home,BERLIN WH,north america,S03,Supplier C,1252,1176,330,333,1025.02,23,Air,2112165.13,Wholesale,V2
T00820,2025-02-01,2025-02-26,P1008,Monitor,Electronics,Berlin WH,Europe,S05,Supplier E,472,577,609,438,362,21,Sea,360969.78,Retail,V2
T00821,2025-07-10,28/10/2025,P1007,Chair,Furniture,Hamburg WH,N. America,S02,Supplier B,342,401,520,170,1291.49,18,Road,750957.98,Retail,V2
T00822,2025-06-23,2025-07-13,P1011,Router,Electronic,Berlin WH,Europe,S02,Supplier B,401,364,889,298,1144.81,16,Sea,549566.01,Retail,V1
T00823,2025-12-01,2025-12-23,P1015,Lamp,Home,BERLIN WH,north america,S05,Supplier E,878,738,596,277,975.49,18,Air,1262855.08,Retail,V1
T00824,2025-06-09,2025-06-19,P1002,Phone,Electronics,Munich WH,NA,S07,Supplier G,685,620,524,361,1043.65,5,Sea,1149149.78,Wholesale,V3
T00825,24/03/2024,26/04/2024,P1013,Sofa,Furniture,Hamburg WH,N. America,S01,Supplier A,407,381,628,208,1099.38,25,Air,629360.59,Wholesale,V1
T00826,2024-03-26,2024-04-20,P1007,Chair,Electrnics,Hamburg WH,north america,S05,Supplier E,464,502,334,310,652.65,20,Sea,508368.54,Wholesale,V1
T00827,2024-08-04,2024-08-22,P1003,Tablet,Electronics,Berlin WH,Europe,S02,Supplier B,576,599,891,459,418.36,10,Road,310501.03,Retail,V1
T00828,2025-08-02,2025-07-03,P1002,Phone,Electronics,Hamburg WH,Europe,S01,Supplier A,486,513,718,237,1131.89,22,Road,1003319.76,Wholesale,V2
T00829,2025-09-25,2025-10-27,P1014,Shelf,Furniture,Hamburg WH,NA,S06,Supplier F,779,659,792,494,577.48,24,Air,508986.09,Retail,V1
T00830,2024-01-15,2024-02-09,P1004,Headphones,Electronics,Berlin WH,N. America,S02,Supplier B,-419,497,517,158,387.84,24,Sea,254797.05,Retail,V3
T00831,2024-09-04,2024-09-20,P1007,Chair,Furniture,Berlin Warehouse,Europe,S04,Supplier D,673,731,753,194,1290.87,11,Sea,1604222.33,Retail,V1
T00832,2024-06-19,2024-07-11,P1015,Lamp,Home,Berlin WH,Europe,S03,Supplier C,464,432,805,377,1418.64,17,Road,966945.37,Retail,V1
T00833,2024-10-28,2024-07-11,P1010,Mouse,Electronics,Berlin WH,Europe,S07,Supplier G,529,500,178,176,775.64,12,Sea,459166.1,Wholesale,V3
T00834,15/08/2025,2025-05-09,P1010,Mouse,Electronics,Hamburg WH,north america,S05,Supplier E,,818,546,168,223.2,17,Road,322554.5,Wholesale,V1
T00835,2024-03-03,2024-03-26,P1009,Keyboard,Electronics,Munich WH,North America,S01,Supplier A,707,643,385,366,1221.68,20,Sea,1384141.38,Wholesale,V2
T00836,2024-04-29,2024-05-27,P1008,Monitor,Electronics,Berlin WH,N. America,S06,Supplier F,509,598,593,379,1063.46,24,Sea,1029846.03,Retail,V2
T00837,18/12/2024,2025-03-01,P1008,Monitor,Electronics,BERLIN WH,north america,S04,Supplier D,875,762,905,409,269.91,9,Road,233960.36,Wholesale,V1
T00838,2024-10-27,2024-12-02,P1012,Camera,Electronics,BERLIN WH,Europe,S07,Supplier G,541,475,1151,363,587.43,28,Air,339800.43,Retail,V2
T00839,2025-08-12,2025-12-25,P1012,Camera,Electronics,Berlin Warehouse,N. America,S02,Supplier B,806,921,1007,491,1086.17,17,Air,1458308.09,Wholesale,V1
T00840,2025-03-01,2025-03-15,P1008,Monitor,Electronics,Berlin WH,North America,S05,Supplier E,448,396,1273,270,1247.75,8,Sea,788880.68,Wholesale,V2
T00841,2025-11-24,2025-11-26,P1003,Tablet,Electronics,BERLIN WH,Europe,S03,Supplier C,988,1046,964,407,1321.33,3,Air,2222103.24,Retail,V1
T00842,2025-07-29,2025-08-13,P1004,Headphones,Electronics,Berlin WH,north america,S08,Supplier H,546,473,467,282,89.85,12,Sea,75350.46,Retail,V3
T00843,2025-06-11,2025-02-07,P1010,Mouse,Electronics,Berlin WH,North America,S02,Supplier B,569,627,,175,388.21,16,Road,428261.37,Retail,V3
T00844,2024-12-02,2024-03-04,P1009,Keyboard,Electronics,Berlin Warehouse,NA,S02,,592,619,517,235,226.1,22,Air,155001.26,Wholesale,V3
T00845,2025-03-28,2025-04-11,P1013,Sofa,Furniture,BERLIN WH,NA,S08,Supplier H,521,550,709,200,548.64,6,Air,404608.43,Retail,V1
T00846,25/03/2025,2025-04-27,P1007,Chair,Furniture,BERLIN WH,NA,S01,Supplier A,199,173,935,275,768.17,28,Road,193417.12,Retail,V1
T00847,2024-09-29,2024-10-29,P1006,Desk,Furniture,Berlin Warehouse,N. America,S07,Supplier G,722,678,,334,901.14,22,Road,849620.14,Wholesale,V1
T00848,2024-05-21,2024-10-06,P1013,Sofa,Furniture,Munich WH,NA,S07,Supplier G,585,667,604,361,1233.97,15,Air,1279133.34,Wholesale,V1
T00849,2024-11-01,26/01/2024,P1012,Camera,Electronics,Hamburg WH,N. America,S02,Supplier B,321,356,120,193,1133.13,12,Sea,588557.22,Retail,V2
T00850,2024-02-07,18/02/2024,P1011,Router,Electronics,Munich WH,NA,S03,Supplier C,727,607,,444,664.19,3,Sea,703311.97,Wholesale,V3
T00851,2025-12-18,2025-12-29,P1009,Keyboard,Electronics,BERLIN WH,north america,S05,Supplier E,,845,660,310,639.67,13,Road,677675.39,Retail,V3
T00852,2025-02-17,17/03/2025,P1008,Monitor,Electronics,Hamburg WH,NA,S04,Supplier D,482,557,869,428,198.14,21,Road,126623.17,Wholesale,V1
T00853,2024-11-04,20/11/2024,P1002,Phone,Electronics,Berlin Warehouse,north america,S01,Supplier A,911,938,742,425,196.33,12,Road,268625.99,Wholesale,V1
T00854,2024-05-04,2024-04-25,P1009,Keyboard,Electronics,Berlin Warehouse,North America,S05,Supplier E,368,351,327,416,1083.7,12,Air,447866.45,Wholesale,V1
T00855,2024-11-07,2024-11-10,P1012,Camera,Electrnics,BERLIN WH,NA,S07,Supplier G,983,1050,587,408,677.39,5,Road,1118747.71,Wholesale,V1
T00856,2024-02-18,2024-07-03,P1013,Sofa,Furniture,Berlin WH,Europe,S02,Supplier B,729,636,707,379,34.67,11,Sea,36264.34,Retail,V3
T00857,2025-08-18,31/08/2025,P1010,Mouse,Electronics,Munich WH,N. America,S04,Supplier D,728,733,694,329,1480.61,11,Road,1767062.93,Wholesale,V3
T00858,2024-09-10,2024-10-01,P1002,Phone,Electronics,BERLIN WH,Europe,S06,Supplier F,872,729,293,414,1289.15,20,Air,1097822.51,Retail,V3
T00859,2025-03-11,2025-03-13,P1014,Shelf,Furniture,Hamburg WH,N. America,S07,Supplier G,306,382,1025,191,617.15,4,Sea,298066.99,Retail,V2
T00860,2024-03-20,2024-04-14,P1006,Desk,Furniture,Hamburg WH,NA,S07,Supplier G,493,436,957,451,20.88,19,Road,11975.65,Wholesale,V3
T00861,2025-09-03,2025-06-04,P1008,Monitor,Electronics,Berlin Warehouse,north america,S08,Supplier H,335,406,510,363,296.94,28,Air,179496.43,Wholesale,V3
T00862,2025-04-13,2025-05-04,P1003,Tablet,Electronics,Berlin WH,N. America,S02,Supplier B,399,420,283,258,1316.34,16,Road,958503.38,Wholesale,V1
T00863,2025-09-08,16/09/2025,P1014,Shelf,Furniture,Munich WH,NA,S07,Supplier G,379,450,678,206,1431.04,5,Air,735513.76,Retail,V1
T00864,15/01/2025,31/01/2025,P1005,Printer,Electronics,Berlin WH,N. America,S06,Supplier F,,373,435,305,263.14,11,Air,161774.12,Wholesale,V1
T00865,2024-08-11,2024-11-20,P1015,Lamp,Home,Berlin WH,North America,S05,Supplier E,796,937,478,260,124.39,7,Road,202406.76,Wholesale,V1
T00866,2024-02-15,2024-04-03,P1007,Chair,Furniture,Hamburg WH,NA,S08,Supplier H,567,558,583,443,135.23,11,Sea,133471.75,Wholesale,V3
T00867,2025-12-09,2025-09-10,P1003,Tablet,Electronics,Hamburg WH,Europe,S03,Supplier C,667,770,596,408,1283.84,22,Air,1096566.68,Wholesale,V1
T00868,2025-10-01,14/10/2025,P1011,Router,Electronics,BERLIN WH,north america,S07,Supplier G,807,688,717,348,1365.62,9,Air,1572554.22,Wholesale,V3
T00869,2024-11-10,2024-02-11,P1011,Router,Electronics,Munich WH,NA,S02,Supplier B,438,480,753,234,447.67,24,Road,293085.13,Retail,V3
T00870,2025-07-26,21/08/2025,P1002,Phone,Electronics,Berlin WH,north america,S04,Supplier D,-527,611,141,466,1043.05,999,Road,775787.43,Retail,V2
T00871,29/05/2025,27/06/2025,P1015,Lamp,Home,Berlin Warehouse,North America,S01,Supplier A,563,504,207,211,1114.41,23,Sea,871629.68,Retail,V1
T00872,2025-12-23,2026-01-25,P1014,Shelf,Furniture,Munich WH,NA,S08,Supplier H,767,919,401,193,578.5,27,Sea,738695.43,Retail,V2
T00873,2024-01-24,2024-02-06,P1006,Desk,Furniture,Munich WH,NA,S07,Supplier G,395,454,,242,600.48,15,Sea,480746.92,Wholesale,V1
T00874,2024-04-27,2024-05-03,P1002,Phone,Electronics,BERLIN WH,North America,S03,,462,548,562,296,1472.26,6,Air,1102999.66,Wholesale,V2
T00875,25/11/2025,2025-12-07,P1003,Tablet,Electronics,Berlin WH,North America,S01,Supplier A,860,819,992,464,304.18,12,Sea,299499.84,Wholesale,V1
T00876,23/11/2024,2024-12-07,P1003,Tablet,Electronics,Berlin WH,North America,S07,Supplier G,1048,933,915,315,122.17,10,Air,152095.63,Retail,V3
T00877,2025-08-23,24/09/2025,P1004,Headphones,Electronics,Hamburg WH,North America,S08,Supplier H,776,824,344,410,239.79,26,Sea,299843.54,Retail,V2
T00878,2025-04-20,2025-05-05,P1009,Keyboard,Electronics,Hamburg WH,N. America,S07,Supplier G,380,446,995,183,311.1,17,Air,175691.33,Wholesale,V3
T00879,2025-08-23,2025-09-24,P1011,Router,Electronics,Berlin Warehouse,NA,S02,Supplier B,-849,817,357,276,1050.2,26,Road,1161536.83,Wholesale,V2
T00880,2024-03-26,2024-04-14,P1014,Shelf,Furniture,Berlin Warehouse,N. America,S04,Supplier D,435,441,833,222,1205.39,13,Road,651772.42,Wholesale,V3
T00881,2025-04-07,2025-12-05,P1001,Laptop,Electronics,BERLIN WH,N. America,S01,Supplier A,530,655,423,387,1041.27,28,Air,901148.85,Retail,V2
T00882,2024-06-10,2024-10-23,P1010,Mouse,Electronics,Berlin Warehouse,north america,S05,Supplier E,-463,517,555,498,592.47,14,Road,354215.42,Wholesale,V1
T00883,2024-06-14,2024-06-22,P1012,Camera,Electronics,Berlin WH,N. America,S02,Supplier B,,445,502,303,1368.02,4,Road,672222.67,Wholesale,V2
T00884,2024-08-03,2024-08-23,P1010,Mouse,Electronics,BERLIN WH,Europe,S06,Supplier F,527,572,688,499,1390.57,12,Sea,964975.62,Retail,V3
T00885,25/11/2024,2024-12-19,P1006,Desk,Furniture,Berlin WH,N. America,S04,Supplier D,1082,938,1113,385,839.91,21,Road,1161420.48,Retail,V3
T00886,2025-02-05,2025-05-13,P1001,Laptop,Electronics,Munich WH,Europe,S01,Supplier A,516,443,592,494,505.2,7,Sea,304475.3,Retail,V3
T00887,28/10/2025,2025-11-21,P1002,Phone,Electronics,Berlin WH,NA,S01,,485,411,997,493,1112.13,16,Sea,693947.31,Wholesale,V2
T00888,30/06/2024,2024-07-19,P1014,Shelf,Furniture,Berlin Warehouse,Europe,S01,Supplier A,419,471,282,213,1120.98,16,Air,920507.17,Retail,V3
T00889,21/01/2024,17/02/2024,P1013,Sofa,electronics,Berlin Warehouse,North America,S05,Supplier E,329,278,477,498,678.38,24,Road,272009.23,Wholesale,V3
T00890,2024-08-14,19/08/2024,P1004,Headphones,Electronics,Hamburg WH,north america,S08,Supplier H,804,783,636,335,1148.02,3,Air,1499602.57,Retail,V1
T00891,2025-10-15,2025-11-10,P1007,Chair,Furniture,Hamburg WH,N. America,S02,Supplier B,460,404,222,292,557.62,20,Road,373005.88,Retail,V3
T00892,2025-08-02,22/08/2025,P1011,Router,Electronics,Berlin WH,N. America,S03,Supplier C,788,719,842,183,1211.54,20,Sea,1473485.19,Retail,V3
T00893,2024-07-10,2024-11-02,P1004,Headphones,Electronics,BERLIN WH,north america,S01,Supplier A,416,433,,497,1017.16,19,Sea,623316.87,Retail,V2
T00894,2025-10-18,2025-11-06,P1011,Router,Electronics,BERLIN WH,North America,S01,Supplier A,432,410,1022,315,295.9,15,Road,197089.83,Wholesale,V2
T00895,2025-01-05,2025-01-10,P1009,Keyboard,Electronics,Hamburg WH,north america,S01,Supplier A,302,330,,264,1127.94,3,Sea,535185.97,Wholesale,V1
T00896,2025-05-02,2025-03-14,P1004,Headphones,Electronics,Berlin WH,N. America,S06,Supplier F,455,393,52,191,797.07,30,Road,499661.21,Wholesale,V1
T00897,2024-12-09,2024-09-22,P1004,Headphones,Electronics,Berlin WH,North America,S03,Supplier C,558,658,,318,324.85,11,Sea,235267.59,Wholesale,V1
T00898,2025-08-29,2025-06-09,P1013,Sofa,Furniture,Hamburg WH,N. America,S06,Supplier F,897,790,403,278,834.98,9,Sea,796311.16,Retail,V2
T00899,2025-06-16,2025-07-19,P1013,Sofa,Furniture,Munich WH,Europe,S04,Supplier D,633,580,1082,187,1159.23,26,Air,1198663.07,Wholesale,V3
T00900,2024-05-07,2024-05-24,P1002,Phone,Electronics,Berlin WH,N. America,S01,Supplier A,292,276,916,167,121.29,14,Air,57852.56,Wholesale,V1
T00901,2024-11-04,2024-11-17,P1010,Mouse,Electronics,Berlin WH,north america,S07,Supplier G,966,858,506,183,904.02,5,Air,1066940.22,Wholesale,V2
T00902,2025-02-15,23/03/2025,P1002,Phone,Electronics,Munich WH,North America,S07,Supplier G,598,639,678,269,1307.08,29,Sea,970274.93,Wholesale,V2
T00903,2025-03-14,2025-04-13,P1015,Lamp,Home,Berlin WH,Europe,S02,Supplier B,492,564,807,323,656.91,22,Road,450469.01,Wholesale,V3
T00904,16/07/2024,2024-05-08,P1002,Phone,Electronics,Munich WH,N. America,S02,Supplier B,566,537,1159,156,310.8,21,Road,208327.77,Retail,V3
T00905,2025-06-05,29/06/2025,P1005,Printer,Electronics,Hamburg WH,N. America,S06,Supplier F,499,488,640,365,1289.74,17,Air,986164.11,Retail,V1
T00906,2024-03-02,2024-03-23,P1003,Tablet,Electronics,BERLIN WH,NA,S05,Supplier E,619,570,679,449,1396.64,15,Road,1169696.62,Retail,V1
T00907,25/04/2025,2025-06-05,P1005,Printer,Electronics,Munich WH,north america,S06,Supplier F,393,427,,299,808.06,13,Road,515868.83,Retail,V1
T00908,31/08/2024,2024-09-14,P1009,Keyboard,Electronics,Berlin Warehouse,N. America,S01,Supplier A,534,561,786,366,933.45,13,Air,931534.44,Wholesale,V1
T00909,2025-11-14,2025-12-11,P1008,Monitor,Electronics,Munich WH,north america,S08,Supplier H,1040,942,747,457,895.74,24,Sea,1041584.57,Wholesale,V2
T00910,2024-02-12,2024-12-30,P1003,Tablet,Electronics,Hamburg WH,N. America,S02,Supplier B,1075,1033,1077,382,744.88,30,Air,1131153.61,Retail,V3
T00911,2024-08-23,2024-09-12,P1008,Monitor,Electronics,Hamburg WH,N. America,S04,Supplier D,640,729,179,272,1211.66,17,Sea,1086497.92,Retail,V1
T00912,2025-01-06,2025-01-14,P1001,Laptop,Electronics,Berlin WH,N. America,S02,Supplier B,,484,493,333,667.82,2,Sea,418165.04,Wholesale,V1
T00913,2025-10-08,2025-10-11,P1010,Mouse,Electronics,Berlin Warehouse,NA,S06,Supplier F,307,262,887,172,1385.51,2,Air,526957.93,Retail,V2
T00914,2024-06-27,2024-07-03,P1006,Desk,Furniture,Berlin Warehouse,NA,S04, Supplier A ,522,641,485,241,722.66,8,Air,618602.96,Retail,V3
T00915,20/05/2024,30/05/2024,P1007,Chair,Furniture,Hamburg WH,N. America,S02,Supplier B,692,697,,323,146.4,8,Sea,181706.4,Wholesale,V3
T00916,2024-06-24,2024-06-29,P1009,Keyboard,Electronics,Berlin Warehouse,N. America,S07,Supplier G,703,786,794,183,735.58,5,Air,809666.18,Wholesale,V3
T00917,2025-01-18,2025-01-25,P1006,Desk,Furniture,Munich WH,north america,S07,Supplier G,387,441,858,475,767.27,9,Air,554285.24,Wholesale,V1
T00918,2024-12-01,2024-12-30,P1004,Headphones,Electronics,Berlin Warehouse,north america,S01,Supplier A,774,914,531,472,73.96,27,Road,76855.21,Wholesale,V1
T00919,24/03/2024,2024-04-13,P1013,Sofa,Furniture,Berlin Warehouse,north america,S08,Supplier H,557,490,555,489,408.36,21,Sea,279174.26,Wholesale,V2
T00920,2025-06-15,2025-07-12,P1008,Monitor,electronics,Munich WH,Europe,S03,Supplier C,507,492,561,314,864.94,24,Road,567130.56,Wholesale,V2
T00921,2024-01-10,2024-11-04,P1010,Mouse,Electronics,Berlin WH,N. America,S07,Supplier G,395,418,620,476,167.25,27,Air,114416.72,Retail,V2
T00922,28/08/2024,2024-09-16,P1007,Chair,Furniture,Munich WH,N. America,S04,Supplier D,791,733,954,306,442.1,15,Sea,499550.14,Wholesale,V3
T00923,27/03/2024,2024-04-18,P1003,Tablet,Electronics,BERLIN WH,N. America,S02,Supplier B,398,361,-9,301,437.24,16,Road,208768.37,Retail,V2
T00924,2025-06-08,2025-06-29,P1010,Mouse,Electronics,Hamburg WH,Europe,S06,Supplier F,630,604,692,368,828.68,16,Sea,638076.84,Wholesale,V2
T00925,2024-06-10,2024-10-23,P1007,Chair,Furniture,BERLIN WH,North America,S01,Supplier A,625,611,596,241,781.82,16,Sea,558759.13,Retail,V2
T00926,28/05/2025,2025-06-05,P1009,Keyboard,Electronics,Berlin WH,North America,S02,Supplier B,552,664,291,291,1031.01,9,Sea,1199948.21,Retail,V3
T00927,2024-07-24,2024-08-07,P1006,Desk,Furniture,BERLIN WH,NA,S04,Supplier D,389,377,751,495,1154.19,12,Air,602433.31,Retail,V3
T00928,2025-07-10,2025-07-08,P1015,Lamp,Home,BERLIN WH,NA,S05,Supplier E,625,539,910,154,942.79,26,Sea,605681.25,Wholesale,V3
T00929,2025-11-02,2025-11-20,P1001,Laptop,Electronics,Hamburg WH,N. America,S08,Supplier H,907,780,541,484,1145.39,18,Air,1405752.62,Retail,V2
T00930,2024-08-27,2024-09-07,P1009,Keyboard,Electronics,BERLIN WH,N. America,S08,,650,590,556,386,721.75,12,Sea,535719.72,Wholesale,V1
T00931,25/03/2025,2025-04-07,P1008,Monitor,Electronics,Berlin Warehouse,NA,S01,Supplier A,414,446,728,341,713.46,6,Road,382980.04,Retail,V2
T00932,2025-05-11,18/11/2025,P1014,Shelf,Furniture,Hamburg WH,Europe,S06,,958,865,609,323,649.75,9,Road,840685.11,Wholesale,V2
T00933,24/08/2025,2025-02-09,P1001,Laptop,Electronics,Munich WH,north america,S01,,989,857,643,221,148.33,6,Road,187735.94,Wholesale,V2
T00934,2024-07-28,2024-08-12,P1007,Chair,Furniture,Hamburg WH,North America,S02,Supplier B,537,475,890,423,217.87,14,Sea,181598.71,Wholesale,V3
T00935,2024-11-07,2024-12-06,P1002,Phone,Electronics,Berlin Warehouse,North America,S03,Supplier C,902,768,1055,203,427.84,23,Road,437841.17,Wholesale,V1
T00936,2024-10-07,22/07/2024,P1004,Headphones,Electronics,Berlin Warehouse,NA,S02,Supplier B,728,622,892,347,323.11,11,Road,333335.9,Retail,V2
T00937,28/02/2024,15/03/2024,P1006,Desk,Electrnics,Hamburg WH,N. America,S01,Supplier A,462,484,718,237,438.49,12,Air,278687.3,Retail,V3
T00938,2025-03-04,2025-04-04,P1008,Monitor,Electronics,Berlin Warehouse,N. America,S02,Supplier B,628,645,576,349,1306.91,30,Sea,1033853.22,Wholesale,V3
T00939,2025-11-11,2025-03-12,P1008,Monitor,Electronics,Munich WH,N. America,S03,Supplier C,992,1037,-20,459,920.15,20,Road,1346562.14,Wholesale,V2
T00940,2024-07-25,2024-08-02,P1001,Laptop,Electronics,Munich WH,N. America,S03,Supplier C,328,399,887,378,463.9,4,Road,265060.59,Wholesale,V3
T00941,17/05/2025,2025-05-19,P1008,Monitor,Electronics,BERLIN WH,Europe,S08,Supplier H,427,445,440,444,104.94,3,Sea,70435.75,Wholesale,V2
T00942,2025-09-19,28/09/2025,P1014,Shelf,Furniture,Munich WH,Europe,S03,Supplier C,872,902,950,362,1057.62,9,Sea,1323649.39,Wholesale,V3
T00943,2024-06-07,28/07/2024,P1012,Camera,Electronics,Berlin Warehouse,N. America,S02,Supplier B,506,470,700,351,998.79,24,Sea,528993.03,Wholesale,V3
T00944,2024-03-09,30/03/2024,P1012,Camera,Electronics,Berlin WH,NA,S04,Supplier D,,518,689,402,762.88,15,Air,686394.17,Retail,V3
T00945,2024-11-29,2024-10-12,P1007,Chair,Furniture,Munich WH,North America,S08,Supplier H,1090,974,1109,234,1299.26,10,Sea,1796754.82,Retail,V1
T00946,2025-10-16,2025-01-11,P1012,Camera,Electronics,Berlin Warehouse,Europe,S08,Supplier H,257,217,571,345,1051.81,12,Air,264363.59,Retail,V2
T00947,2024-04-27,25/05/2024,P1012,Camera,Electronics,Hamburg WH,Europe,S03,Supplier C,407,492,981,317,833.58,23,Air,570895.08,Retail,V3
T00948,2025-11-03,2025-11-22,P1004,Headphones,Electronics,Berlin Warehouse,N. America,S08,Supplier H,983,870,779,221,845.38,17,Air,837144.03,Retail,V1
T00949,2024-10-28,2024-11-09,P1002,Phone,Electronics,Berlin WH,NA,S07,Supplier G,,501,819,236,714.72,4,Air,608906.22,Wholesale,V2
T00950,2024-07-01,21/07/2024,P1004,Headphones,Electronics,Hamburg WH,North America,S01,Supplier A,327,385,549,495,460.83,19,Road,292038.55,Retail,V2
T00951,2025-12-07,26/12/2025,P1005,Printer,Electronics,Berlin WH,Europe,S08,Supplier H,618,714,659,176,512.44,21,Air,643201.47,Retail,V2
T00952,2024-09-01,2024-09-14,P1004,Headphones,Electronics,Berlin WH,NA,S02,Supplier B,624,540,684,158,701.33,15,Air,604725.84,Retail,V1
T00953,2024-04-08,15/04/2024,P1013,Sofa,Furniture,Munich WH,North America,S03,Supplier C,486,533,572,235,292.77,3,Sea,175950.65,Wholesale,V3
T00954,2025-03-10,2025-10-21,P1004,Headphones,Electronics,Berlin WH,N. America,S04,Supplier D,508,488,423,427,653.96,14,Air,357101.16,Retail,V2
T00955,2024-11-27,2024-12-22,P1003,Tablet,Electronics,Berlin WH,Europe,S01,Supplier A,921,947,765,355,812.6,22,Air,1103423.28,Wholesale,V1
T00956,2024-03-08,2024-04-01,P1011,Router,Electronics,Berlin WH,North America,S05,Supplier E,702,607,636,482,517.01,21,Air,480324.59,Wholesale,V2
T00957,2025-05-09,2025-09-10,P1008,Monitor,Electronics,Berlin Warehouse,NA,S02,Supplier B,308,339,842,424,1439.13,27,Air,585423.45,Wholesale,V3
T00958,2025-12-14,29/12/2025,P1007,Chair,Furniture,BERLIN WH,Europe,S03,Supplier C,639,702,851,320,619.35,7,Air,782243.29,Wholesale,V1
T00959,15/09/2025,2025-10-11,P1015,Lamp,Home,Berlin Warehouse,north america,S08,Supplier H,593,713,543,345,248.69,18,Road,249606.64,Retail,V1
T00960,2024-01-22,2024-02-04,P1010,Mouse,Electronics,Berlin Warehouse,north america,S02,Supplier B,,295,718,308,148.71,9,Air,57567.85,Retail,V1
T00961,2025-01-18,2025-01-28,P1008,Monitor,Electronics,Berlin Warehouse,North America,S05,Supplier E,692,595,235,253,29.15,6,Air,28921.16,Wholesale,V3
T00962,2024-02-12,2024-12-22,P1003,Tablet,Electronics,Munich WH,Europe,S05,Supplier E,777,861,706,312,685.92,22,Road,936086.14,Wholesale,V1
T00963,22/08/2024,2024-09-01,P1014,Shelf,Furniture,Munich WH,North America,S06,Supplier F,747,738,249,325,620.35,9,Road,557811.92,Retail,V3
T00964,2025-12-13,2026-01-15,P1012,Camera,Electronics,Munich WH,NA,S04,Supplier D,1069,1201,689,461,824.8,29,Air,1571542.08,Wholesale,V3
T00965,2024-01-07,13/01/2024,P1002,Phone,Electronics,Berlin Warehouse,N. America,S08,Supplier H,556,533,702,185,569.04,8,Air,497562.84,Retail,V1
T00966,2025-08-29,15/09/2025,P1009,Keyboard,Electronics,Hamburg WH,Europe,S04,Supplier D,612,652,417,270,659.07,18,Sea,707844.02,Retail,V3
T00967,21/07/2024,2024-08-12,P1004,Headphones,Electrnics,BERLIN WH,NA,S07,Supplier G,694,674,680,240,526.26,21,Road,591278.36,Wholesale,V3
T00968,2024-07-25,2024-08-11,P1005,Printer,Electronics,Hamburg WH,N. America,S08,Supplier H,408,408,519,190,406.06,13,Sea,183293.56,Wholesale,V2
T00969,2025-06-01,2025-07-04,P1010,Mouse,Electronics,Berlin WH,Europe,S07,Supplier G,507,519,1249,229,1451.11,28,Sea,1129568.2,Retail,V2
T00970,2025-09-01,26/09/2025,P1009,Keyboard,Electronics,BERLIN WH,Europe,S03,Supplier C,853,826,749,433,1082.66,25,Sea,1216601.92,Wholesale,V2
T00971,2024-10-17,2024-10-29,P1007,Chair,Furniture,Hamburg WH,N. America,S08,Supplier H,467,488,478,186,1303.25,12,Air,808208.92,Retail,V1
T00972,2024-01-14,2024-02-01,P1014,Shelf,Furniture,Hamburg WH,NA,S06,,473,409,,401,1450.6,14,Sea,836788.21,Wholesale,V2
T00973,2025-10-18,2025-11-15,P1010,Mouse,Electronics,Berlin WH,Europe,S02,Supplier B,574,534,201,359,424.74,30,Road,366420.51,Retail,V1
T00974,2025-03-22,2025-04-20,P1005,Printer,Electronics,BERLIN WH,North America,S06,Supplier F,288,311,394,410,746.71,24,Road,307587.55,Wholesale,V2
T00975,2024-09-09,2024-10-10,P1004,Headphones,electronics,Berlin WH,N. America,S08,,747,628,458,167,628.45,28,Sea,556992.56,Wholesale,V3
T00976,30/05/2024,2024-06-27,P1005,Printer,Electronics,Berlin Warehouse,North America,S04,Supplier D,,534,711,458,1028.3,20,Air,879232.57,Retail,V3
T00977,2025-12-29,2026-01-29,P1015,Lamp,Home,Berlin WH,north america,S07,Supplier G,863,806,750,353,114.86,24,Air,140467.31,Wholesale,V1
T00978,13/03/2025,2025-04-09,P1005,Printer,Electronics,Hamburg WH,north america,S05,Supplier E,455,401,870,406,64.92,19,Sea,44013.05,Wholesale,V3
T00979,2024-01-04,2024-04-12,P1002,Phone,Electronics,Hamburg WH,NA,S06,Supplier F,273,321,647,223,1430.89,10,Air,528610.77,Retail,V2
T00980,2024-02-01,24/01/2024,P1002,Phone,Electronics,BERLIN WH,Europe,S02,Supplier B,452,432,419,363,826.31,18,Air,424057.82,Retail,V2
T00981,2024-07-09,2024-07-26,P1012,Camera,Electronics,Munich WH,North America,S03,Supplier C,337,381,501,251,628.49,17,Sea,381408.7,Retail,V1
T00982,2024-07-24,2024-07-08,P1001,Laptop,Electronics,Hamburg WH,north america,S03,Supplier C,410,429,389,248,1465.16,10,Air,1111450.31,Retail,V1
T00983,2024-10-27,2024-11-05,P1002,Phone,Electronics,BERLIN WH,North America,S07,Supplier G,350,424,882,213,489.02,10,Road,266801.79,Retail,V2
T00984,2025-05-11,2025-05-16,P1011,Router,Electronics,Berlin WH,north america,S02,Supplier B,780,683,708,154,1270.4,3,Air,1172910.63,Retail,V1
T00985,18/06/2025,15/07/2025,P1013,Sofa,Furniture,BERLIN WH,Europe,S01,Supplier A,300,364,981,342,1058.32,21,Sea,426401.43,Wholesale,V3
T00986,2025-03-15,17/04/2025,P1006,Desk,Furniture,BERLIN WH,N. America,S06,Supplier F,315,293,470,499,1154.04,30,Sea,443924.35,Wholesale,V2
T00987,2025-09-17,2025-10-13,P1001,Laptop,Electronics,Berlin WH,Europe,S06,Supplier F,614,628,925,319,1095.99,27,Road,1090956.92,Wholesale,V3
T00988,22/05/2024,2024-06-02,P1001,Laptop,Electronics,BERLIN WH,Europe,S02,Supplier B,734,630,1101,421,251.42,10,Road,257590.6,Wholesale,V3
T00989,27/02/2025,24/03/2025,P1011,Router,Electronics,Berlin WH,NA,S04,Supplier D,296,300,825,151,513.99,22,Air,232146.57,Wholesale,V3
T00990,2025-03-30,2025-01-05,P1004,Headphones,Electronics,Berlin WH,NA,S08,Supplier H,547,520,938,354,787.75,25,Sea,465264.25,Wholesale,V3
T00991,2025-12-17,2026-04-01,P1015,Lamp,Home,Berlin Warehouse,N. America,S02,Supplier B,826,894,304,347,289.01,11,Road,375391.14,Retail,V1
T00992,24/05/2025,2025-06-29,P1013,Sofa,Furniture,Munich WH,Europe,S02,Supplier B,355,361,488,304,217.26,28,Air,137208.67,Wholesale,V1
T00993,2025-08-05,2025-05-16,P1011,Router,Electronics,Berlin WH,North America,S04,Supplier D,461,548,878,274,1168.3,8,Sea,1066345.3,Retail,V1
T00994,2024-11-30,2024-12-11,P1015,Lamp,Home,Hamburg WH,North America,S07,Supplier G,898,850,771,293,1254.8,9,Road,1604293.51,Retail,V3
T00995,2025-10-10,2025-09-11,P1012,Camera,Electronics,Berlin Warehouse,north america,S08,Supplier H,432,428,1224,196,70.88,27,Road,46939.1,Retail,V3
T00996,17/12/2024,2025-01-14,P1007,Chair,Furniture,Hamburg WH,N. America,S07,Supplier G,,885,498,484,827.23,22,Air,873680.14,Wholesale,V1
T00997,24/10/2024,2024-11-12,P1002,Phone,Electronics,Berlin Warehouse,North America,S02,Supplier B,535,619,861,195,174.38,12,Road,129730.33,Wholesale,V1
T00998,16/11/2024,2024-11-26,P1007,Chair,Furniture,Munich WH,N. America,S01,Supplier A,897,909,963,309,177.93,3,Sea,251452.9,Wholesale,V2
T00999,2025-01-08,2025-07-02,P1013,Sofa,Furniture,Munich WH,N. America,S03,Supplier C,544,518,744,416,131.41,23,Air,80233.05,Wholesale,V1
T01000,2025-05-07,2025-07-13,P1014,Shelf,Furniture,Berlin Warehouse,Europe,S08,Supplier H,430,451,545,311,1415.61,6,Road,975066.11,Wholesale,V1
T01001,2025-09-07,2025-04-10,P1005,Printer,Electronics,Munich WH,NA,S03,Supplier C,643,761,904,490,1109.16,29,Sea,1091019.88,Retail,V2
T01002,2025-12-24,22/01/2026,P1010,Mouse,Electronics,Hamburg WH,NA,S08,Supplier H,877,732,1005,473,410.06,28,Road,388829.74,Wholesale,V1
T01003,2024-12-07,29/12/2024,P1003,Tablet,Electronics,Berlin Warehouse,Europe,S04,Supplier D,1167,1029,935,265,1462.17,24,Road,2682535.19,Wholesale,V2
T01004,2025-11-06,2025-11-29,P1015,Lamp,Home,BERLIN WH,Europe,S03,Supplier C,901,1059,1030,161,982.28,19,Road,1859666.58,Wholesale,V2
T01005,2025-04-02,2025-03-03,P1007,Chair,Furniture,BERLIN WH,N. America,S02,Supplier B,394,484,911,420,556.19,25,Road,451838.21,Wholesale,V1
T01006,14/05/2024,2024-06-07,P1006,Desk,Furniture,Berlin Warehouse,north america,S01,Supplier A,374,455,-20,305,651.8,16,Air,423594.68,Wholesale,V3
T01007,2025-05-09,18/05/2025,P1005,Printer,Electronics,Berlin WH,NA,S03,Supplier C,484,524,,257,797.47,8,Road,478983.68,Retail,V3
T01008,2024-05-31,2024-06-28,P1007,Chair,Furniture,Berlin WH,North America,S07,Supplier G,486,491,757,497,545.82,28,Sea,422835.45,Wholesale,V1
T01009,2024-02-23,2024-03-09,P1002,Phone,Electronics,Hamburg WH,N. America,S06,Supplier F,589,650,,453,487.19,15,Air,376105.47,Retail,V1
T01010,2025-02-10,25/02/2025,P1008,Monitor,Electronics,Hamburg WH,North America,S05,Supplier E,479,461,727,455,1307.15,7,Sea,1038624.18,Wholesale,V2
T01011,2025-09-10,2025-10-10,P1011,Router,Electronics,Berlin WH,North America,S08,Supplier H,237,286,142,338,1012.73,2,Air,485114.01,Wholesale,V3
T01012,15/11/2025,2025-12-12,P1015,Lamp,Home,Munich WH,Europe,S04,Supplier D,958,844,321,161,1318.14,20,Sea,1413139.32,Retail,V3
T01013,2024-07-04,2024-01-08,P1007,Chair,Furniture,BERLIN WH,north america,S08,Supplier H,283,337,755,480,1368.46,24,Air,772164.12,Retail,V2
T01014,2024-03-06,2024-01-04,P1012,Camera,Electronics,Hamburg WH,north america,S03,Supplier C,444,474,994,357,828.79,28,Road,457252.56,Wholesale,V1
T01015,2025-06-15,2025-07-07,P1014,Shelf,Furniture,Berlin Warehouse,north america,S02,,487,557,1074,256,298.58,23,Road,204389.52,Retail,V1
T01016,2025-07-22,2025-07-25,P1008,Monitor,Electronics,Munich WH,N. America,S06,Supplier F,583,514,543,212,45.9,3,Road,26761.16,Retail,V1
T01017,29/07/2025,2025-08-09,P1005,Printer,Electronics,BERLIN WH,NA,S01,Supplier A,606,652,772,193,537.43,5,Road,531718.48,Retail,V2
T01018,2025-11-04,13/11/2025,P1001,Laptop,Electronics,BERLIN WH,north america,S04,Supplier D,1020,989,1049,303,1117.69,3,Sea,1738412.9,Retail,V3
T01019,2025-05-17,2025-06-06,P1012,Camera,Electronics,Munich WH,north america,S06,Supplier F,365,430,,417,212.19,13,Air,143553.94,Retail,V3
T01020,2024-02-15,23/02/2024,P1004,Headphones,Electronics,Berlin Warehouse,N. America,S01,,304,362,816,246,1223.02,6,Road,666370.87,Retail,V3
T01021,2025-02-01,2025-01-16,P1005,Printer,Electronics,Munich WH,NA,S03,Supplier C,708,655,836,468,1255,15,Sea,936573.96,Wholesale,V3
T01022,2024-06-16,2024-04-07,P1007,Chair,Furniture,Hamburg WH,N. America,S08,Supplier H,526,576,812,192,967.86,10,Road,735835.06,Retail,V1
T01023,2025-10-06,2025-11-07,P1012,Camera,Electronics,Berlin Warehouse,NA,S05,Supplier E,386,356,771,474,280.32,24,Road,126216.18,Retail,V2
T01024,2024-06-06,15/06/2024,P1006,Desk,Furniture,Berlin Warehouse,North America,S07,Supplier G,533,603,,344,233.48,2,Sea,229665.9,Retail,V3
T01025,2024-04-22,2024-05-12,P1011,Router,Electronics,Berlin WH,NA,S07,Supplier G,519,605,700,183,975.97,12,Sea,745762.41,Wholesale,V1
T01026,19/08/2024,2024-09-03,P1005,Printer,Electronics,Hamburg WH,North America,S01,Supplier A,784,756,479,200,1137.14,14,Air,1131872.31,Retail,V3
T01027,2024-09-11,30/11/2024,P1010,Mouse,Electronics,Munich WH,NA,S08,Supplier H,762,639,401,198,452.53,18,Road,377759.26,Wholesale,V3
T01028,2024-04-11,2024-04-27,P1015,Lamp,Home,Berlin Warehouse,NA,S01,,544,604,211,237,1374.63,12,Road,1067718.91,Wholesale,V2
T01029,2025-08-29,2025-09-27,P1003,Tablet,Electronics,Berlin Warehouse,N. America,S05,Supplier E,678,782,,154,1453.12,23,Air,1610214.41,Wholesale,V3
T01030,30/09/2024,2024-10-30,P1001,Laptop,Electronics,Hamburg WH,Europe,S06,Supplier F,661,718,795,277,298.69,23,Air,281502.55,Wholesale,V2
T01031,24/04/2025,15/05/2025,P1009,Keyboard,Electronics,Berlin Warehouse,NA,S05,Supplier E,534,478,471,291,229.25,15,Road,130536.15,Retail,V2
T01032,20/02/2025,2025-03-13,P1013,Sofa,Furniture,Berlin WH,N. America,S06,Supplier F,303,362,835,196,266.94,22,Air,168779.1,Retail,V3
T01033,2024-02-28,2024-03-14,P1002,Phone,Electronics,Hamburg WH,north america,S05,Supplier E,468,441,968,433,815.17,17,Road,565832.53,Retail,V2
T01034,2025-05-24,2025-02-06,P1009,Keyboard,Electronics,Berlin Warehouse,North America,S02,Supplier B,565,624,1066,357,77.73,2,Road,68821.49,Wholesale,V3
T01035,2025-07-01,2025-08-03,P1012,Camera,Electronics,Munich WH,north america,S06,Supplier F,589,520,936,275,1487.6,25,Air,939503.15,Wholesale,V1
T01036,2025-11-21,2025-11-28,P1015,Lamp,Home,Berlin Warehouse,north america,S04,Supplier D,1227,1030,999,239,1478.69,4,Sea,2407448.21,Retail,V2
T01037,22/05/2025,2025-05-30,P1007,Chair,Furniture,Berlin Warehouse,north america,S03,Supplier C,496,589,540,341,1175.43,5,Air,1202669.25,Wholesale,V2
T01038,2025-05-09,19/05/2025,P1005,Printer,Electronics,Munich WH,Europe,S05,Supplier E,662,682,358,259,667.89,2,Air,600013.05,Wholesale,V3
T01039,2025-11-06,18/07/2025,P1014,Shelf,Furniture,Hamburg WH,North America,S01,Supplier A,490,544,846,387,119.58,30,Sea,83760.21,Retail,V3
T01040,2025-04-16,2025-04-19,P1006,Desk,Furniture,BERLIN WH,N. America,S05,Supplier E,573,527,880,331,400.59,5,Sea,338531.51,Wholesale,V1
T01041,2024-04-13,2024-04-23,P1007,Chair,Furniture,Munich WH,N. America,S08,Supplier H,514,490,624,251,236.22,4,Sea,194005.18,Retail,V2
T01042,2024-01-08,2024-01-29,P1003,Tablet,Electronics,BERLIN WH,NA,S05,Supplier E,560,583,395,265,902.14,17,Sea,618101.74,Wholesale,V1
T01043,2025-07-03,2025-07-27,P1013,Sofa,Furniture,Hamburg WH,N. America,S05,Supplier E,713,595,557,205,332.92,16,Air,254665.03,Wholesale,V3
T01044,20/03/2025,2025-03-26,P1001,Laptop,Electronics,BERLIN WH,North America,S06,Supplier F,613,526,719,251,764.26,5,Air,665945.29,Wholesale,V2
T01045,2024-05-12,29/12/2024,P1015,Lamp,Home,Hamburg WH,NA,S01,Supplier A,752,828,625,232,1227.61,23,Air,1387287.35,Wholesale,V2
T01046,2025-07-17,2025-08-16,P1008,Monitor,Electronics,Munich WH,Europe,S03,Supplier C,559,469,534,316,951.93,26,Air,621158.73,Retail,V1
T01047,2024-01-22,2024-02-07,P1003,Tablet,Electronics,Berlin Warehouse,North America,S03,Supplier C,357,432,907,326,103.81,18,Road,53109.44,Wholesale,V2
T01048,2025-09-03,22/09/2025,P1012,Camera,Electronics,BERLIN WH,Europe,S01,Supplier A,785,787,734,372,1267.56,17,Air,1408688.79,Wholesale,V1
T01049,2025-09-24,2025-03-10,P1003,Tablet,Electronics,BERLIN WH,N. America,S03,Supplier C,50000,822,929,277,554.6,10,Road,704843.17,Wholesale,V1
T01050,2025-04-30,21/05/2025,P1012,Camera,Electronics,Berlin Warehouse,north america,S02,Supplier B,482,476,547,407,1494.41,21,Road,1018761.09,Retail,V1
T01051,2024-05-03,2024-05-14,P1003,Tablet,Electronics,Berlin Warehouse,Europe,S07,Supplier G,521,466,1022,169,901.21,10,Air,722596.88,Retail,V1
T01052,22/02/2024,2024-12-03,P1007,Chair,Furniture,Berlin Warehouse,N. America,S07,Supplier G,743,707,330,418,637.73,11,Sea,541509.32,Wholesale,V2
T01053,2024-03-03,2024-03-08,P1009,Keyboard,Electrnics,Berlin WH,NA,S07,Supplier G,405,458,822,479,1109.33,3,Sea,672694.57,Wholesale,V2
T01054,29/12/2025,2026-01-26,P1007,Chair,Furniture,Berlin Warehouse,North America,S04,Supplier D,886,749,705,313,1280.34,30,Air,1634718.78,Retail,V3
T01055,2024-11-25,2024-12-12,P1004,Headphones,Electronics,Berlin WH,Europe,S05,Supplier E,920,1073,571,391,32.76,10,Air,39158.08,Wholesale,V2
T01056,2025-01-07,2025-01-20,P1006,Desk,Furniture,Berlin WH,north america,S05,Supplier E,361,359,1268,207,31.05,5,Air,15559.81,Wholesale,V2
T01057,2025-01-05,29/01/2025,P1012,Camera,Electronics,Berlin Warehouse,north america,S06,Supplier F,486,445,1131,271,364.87,22,Sea,271023.15,Retail,V1
T01058,2024-05-13,2024-10-06,P1011,Router,Electronics,Berlin Warehouse,N. America,S02,Supplier B,301,337,803,171,949.49,20,Road,537869.71,Wholesale,V1
T01059,2024-03-17,2024-04-16,P1009,Keyboard,Electronics,Berlin Warehouse,north america,S06,Supplier F,360,314,565,304,1010.52,25,Road,448558.9,Retail,V1
T01060,2024-10-05,2024-06-05,P1004,Headphones,Electrnics,Munich WH,NA,S07,Supplier G,342,326,685,431,550.94,24,Sea,322744.08,Wholesale,V3
T01061,2024-04-30,2024-05-21,P1015,Lamp,Home,Munich WH,north america,S07,Supplier G,263,257,-8,184,1376.8,17,Air,587573.05,Retail,V3
T01062,2024-07-10,17/10/2024,P1012,Camera,Electronics,Berlin WH,N. America,S03,Supplier C,733,709,602,298,748.7,3,Road,655371.79,Wholesale,V2
T01063,2025-12-02,2025-12-24,P1009,Keyboard,Electronics,Hamburg WH,north america,S02,Supplier B,821,705,642,234,516.4,16,Sea,643146.4,Wholesale,V3
T01064,2024-05-10,2024-10-19,P1004,Headphones,Electronics,Berlin Warehouse,north america,S03,Supplier C,778,765,839,151,211.48,7,Road,220521.25,Retail,V3
T01065,2025-04-11,2025-05-11,P1009,Keyboard,Electronics,BERLIN WH,NA,S05,Supplier E,-517,529,,305,1171.42,29,Road,777284.28,Retail,V1
T01066,2024-08-17,28/08/2024,P1001,Laptop,Electronics,Berlin Warehouse,NA,S04,Supplier D,773,661,410,299,1071.42,3,Air,986709.21,Wholesale,V1
T01067,2025-10-19,2025-10-22,P1004,Headphones,Electronics,BERLIN WH,north america,S04,Supplier D,473,397,708,423,1006.28,5,Sea,519254.36,Wholesale,V1
T01068,2025-12-23,2026-01-14,P1015,Lamp,Home,BERLIN WH,NA,S05,Supplier E,936,789,750,218,278.68,15,Air,341607.94,Retail,V2
T01069,2024-08-12,2024-08-20,P1012,Camera,Electronics,Munich WH,north america,S05,Supplier E,886,798,459,240,1016.66,10,Air,1241402.25,Wholesale,V3
T01070,2024-09-20,2024-02-10,P1014,Shelf,Furniture,BERLIN WH,N. America,S04,,,559,502,376,596.3,9,Road,537607,Wholesale,V1
T01071,2025-01-04,2025-04-12,P1004,Headphones,Electronics,Berlin WH,Europe,S07,Supplier G,,375,866,338,436.3,6,Air,227059.64,Wholesale,V1
T01072,29/06/2024,2024-07-23,P1004,Headphones,Electronics,Berlin WH,NA,S08,Supplier H,278,347,388,242,1026.77,22,Air,597784.83,Retail,V2
T01073,2025-04-12,2025-09-12,P1010,Mouse,Electronics,Hamburg WH,N. America,S04,Supplier D,978,877,650,185,932.11,6,Sea,924876.73,Wholesale,V1
T01074,2025-06-23,2025-02-07,P1003,Tablet,Electronics,Hamburg WH,North America,S01,Supplier A,303,320,939,458,1159.2,5,Air,618606.48,Retail,V3
T01075,2024-02-14,2024-02-24,P1003,Tablet,Electronics,Munich WH,North America,S04,Supplier D,547,569,667,192,1162.32,10,Air,951508.06,Retail,V3
T01076,2024-12-12,2024-12-23,P1014,Shelf,electronics,Munich WH,Europe,S02, Supplier A ,843,958,836,253,1211.58,6,Air,1967483.56,Wholesale,V2
T01077,2025-05-05,2025-05-26,P1003,Tablet,Electronics,Munich WH,North America,S04,Supplier D,417,509,690,178,241.87,19,Air,181750.83,Retail,V1
T01078,2025-11-07,14/08/2025,P1005,Printer,Electronics,Berlin Warehouse,North America,S02,Supplier B,584,724,944,411,1441.34,30,Air,1180453.49,Retail,V1
T01079,2025-03-13,2025-06-04,P1007,Chair,Furniture,Berlin Warehouse,Europe,S03,Supplier C,624,586,727,330,1237.53,22,Road,804453.84,Retail,V2
T01080,2024-06-22,2024-06-07,P1002,Phone,Electronics,Berlin WH,north america,S04,Supplier D,255,256,1228,202,126.88,11,Sea,51291.34,Retail,V2
T01081,27/03/2024,2024-02-04,P1015,Lamp,Home,Hamburg WH,north america,S01,,686,691,704,459,241.08,6,Sea,258838.41,Retail,V3
T01082,2025-11-03,2025-10-04,P1003,Tablet,Electronics,BERLIN WH,North America,S05,Supplier E,539,516,670,469,252.66,28,Sea,231233.55,Wholesale,V3
T01083,2025-12-01,2025-02-06,P1015,Lamp,Home,Berlin Warehouse,N. America,S05,Supplier E,425,405,708,189,394.73,27,Sea,265790.3,Retail,V2
T01084,2025-04-02,2025-04-14,P1012,Camera,Electronics,Hamburg WH,NA,S08,Supplier H,140,128,,184,216.06,5,Air,41008.97,Retail,V2
T01085,2024-05-10,27/05/2024,P1003,Tablet,Electronics,Hamburg WH,Europe,S07,Supplier G,382,395,724,330,1282.86,12,Road,861089.6,Wholesale,V3
T01086,13/10/2025,26/10/2025,P1006,Desk,Furniture,Hamburg WH,north america,S03,,485,570,607,484,1085.6,9,Sea,724491.53,Wholesale,V3
T01087,2025-03-07,14/07/2025,P1014,Shelf,Furniture,Hamburg WH,north america,S04,Supplier D,356,320,-20,346,365.86,4,Road,181167,Retail,V3
T01088,2024-03-30,2024-04-05,P1004,Headphones,Electronics,BERLIN WH,north america,S06,Supplier F,681,593,458,151,207.67,8,Sea,210167,Retail,V1
T01089,2024-02-03,2024-03-31,P1015,Lamp,Home,BERLIN WH,Europe,S06,Supplier F,368,380,762,334,258.07,29,Air,155949.78,Wholesale,V1
T01090,2024-08-03,28/08/2024,P1014,Shelf,electronics,Berlin WH,N. America,S04,Supplier D,652,651,766,178,1225.65,25,Sea,1400561.9,Retail,V3
T01091,2025-03-10,2025-09-04,P1006,Desk,Furniture,Berlin WH,Europe,S01,Supplier A,585,577,704,204,603.4,23,Road,589696.33,Retail,V1
T01092,2024-05-30,2024-06-07,P1006,Desk,Furniture,Berlin WH,north america,S03,Supplier C,105,106,,190,1273.24,9,Sea,227056.97,Retail,V1
T01093,26/04/2025,2025-05-22,P1012,Camera,Electronics,Hamburg WH,Europe,S03,Supplier C,296,297,455,420,867.7,24,Road,326472.39,Wholesale,V2
T01094,2025-10-22,2025-10-27,P1012,Camera,Electronics,Berlin WH,North America,S01,Supplier A,458,491,1063,296,178.1,5,Road,110812.23,Retail,V3
T01095,13/06/2024,2024-07-11,P1001,Laptop,Electronics,Munich WH,NA,S07,Supplier G,421,486,766,366,701.8,23,Road,448500.2,Wholesale,V3
T01096,2024-08-20,30/08/2024,P1007,Chair,electronics,Hamburg WH,N. America,S03,Supplier C,705,693,665,289,836.53,4,Road,782378.68,Retail,V2
T01097,25/09/2025,2025-10-08,P1001,Laptop,Electronics,Munich WH,North America,S04,Supplier D,722,760,685,350,402.18,7,Road,388314.63,Wholesale,V2
T01098,2024-11-16,21/11/2024,P1011,Router,Electronics,BERLIN WH,Europe,S07,Supplier G,960,1089,635,344,1069.76,7,Air,1298712.72,Wholesale,V1
T01099,2024-04-16,2024-05-15,P1002,Phone,Electronics,Berlin WH,N. America,S06,Supplier F,627,671,595,458,854.33,26,Sea,712834.79,Retail,V3
T01100,2024-04-19,2024-04-23,P1002,Phone,Electronics,Berlin Warehouse,north america,S04,Supplier D,525,457,803,455,541.74,2,Air,397575.66,Retail,V1
T01101,2024-02-10,2024-11-03,P1002,Phone,Electronics,Berlin WH,North America,S01,Supplier A,489,575,630,438,284.21,27,Sea,236162.77,Retail,V2
T01102,2024-01-09,2024-01-28,P1006,Desk,Furniture,BERLIN WH,Europe,S05,Supplier E,591,581,650,353,419.22,18,Road,387680.22,Wholesale,V1
T01103,20/12/2025,2026-10-01,P1011,Router,Electronics,Berlin WH,north america,S02,Supplier B,824,1004,403,319,188.2,15,Air,208366.35,Retail,V3
T01104,2025-01-26,2025-02-02,P1008,Monitor,Electronics,Hamburg WH,North America,S01,Supplier A,,506,1072,298,243.87,7,Road,160327.89,Retail,V3
T01105,25/08/2024,2024-09-16,P1015,Lamp,Home,Berlin Warehouse,north america,S04,Supplier D,875,862,536,498,134.68,22,Road,129168.72,Wholesale,V2
T01106,2024-05-14,2024-06-08,P1006,Desk,Furniture,Berlin WH,Europe,S05,Supplier E,558,476,479,334,963.36,21,Air,761794.64,Retail,V3
T01107,2025-09-13,2025-10-10,P1002,Phone,Electronics,Berlin WH,North America,S03,Supplier C,369,438,567,440,1316.38,22,Air,950316.92,Wholesale,V3
T01108,2024-03-30,2024-04-11,P1008,Monitor,Electronics,BERLIN WH,N. America,S02,Supplier B,502,505,380,382,945.14,12,Air,841152.93,Wholesale,V3
T01109,2025-07-01,2025-01-19,P1006,Desk,Furniture,BERLIN WH,Europe,S02,Supplier B,525,641,1285,186,113.1,7,Sea,89254.28,Wholesale,V3
T01110,23/05/2024,2024-07-06,P1002,Phone,Electronics,Hamburg WH,Europe,S08,Supplier H,474,418,803,170,249.08,13,Road,136476.9,Retail,V2
T01111,2025-10-01,2025-01-22,P1009,Keyboard,Electronics,Hamburg WH,north america,S06,Supplier F,376,417,362,341,743.65,4,Sea,429548.87,Wholesale,V3
T01112,2024-02-13,2024-03-14,P1010,Mouse,Electronics,Berlin WH,N. America,S01,Supplier A,493,435,737,275,777.67,24,Air,496910.77,Wholesale,V2
T01113,2024-06-11,2024-06-24,P1010,Mouse,Electronics,Hamburg WH,North America,S07,Supplier G,307,350,758,187,491.85,9,Sea,260880.5,Wholesale,V2
T01114,19/10/2025,2025-10-23,P1009,Keyboard,Electronics,Berlin WH,Europe,S08,Supplier H,548,462,640,205,52.53,4,Sea,40332.13,Retail,V2
T01115,2024-02-12,28/12/2024,P1002,Phone,Electronics,Berlin Warehouse,Europe,S06,Supplier F,-698,818,-20,325,235.53,21,Air,305988.64,Wholesale,V2
T01116,2024-09-02,2024-02-23,P1009,Keyboard,Electronics,Berlin Warehouse,NA,S03,Supplier C,756,644,852,390,1044.05,6,Road,812957.75,Retail,V3
T01117,2025-01-24,2025-11-02,P1001,Laptop,Electronics,Berlin WH,N. America,S06,Supplier F,508,575,581,370,127.33,17,Air,116579.56,Wholesale,V2
T01118,15/09/2024,2024-09-20,P1011,Router,Electronics,BERLIN WH,Europe,S03,,,789,656,192,153.82,6,Air,214025.33,Wholesale,V3
T01119,2025-04-07,2025-04-23,P1014,Shelf,Furniture,BERLIN WH,N. America,S07,Supplier G,385,401,395,418,95.81,8,Air,55615.01,Retail,V2
T01120,16/12/2024,2024-12-27,P1013,Sofa,Furniture,Hamburg WH,Europe,S05,Supplier E,817,869,458,234,1163.8,8,Sea,1681072.58,Retail,V3
T01121,2025-03-23,2025-04-18,P1006,Desk,Furniture,Berlin Warehouse,North America,S07,Supplier G,429,452,445,155,244.09,19,Road,183026.17,Retail,V2
T01122,2025-11-11,2025-11-22,P1014,Shelf,Furniture,Berlin Warehouse,Europe,S06,Supplier F,748,791,850,157,176.59,6,Sea,215075.67,Retail,V3
T01123,2025-02-20,20/03/2025,P1005,Printer,Electronics,Hamburg WH,north america,S01,Supplier A,450,437,1031,380,1368.79,28,Air,889985.85,Retail,V1
T01124,2024-11-07,26/07/2024,P1007,Chair,Furniture,BERLIN WH,N. America,S03,Supplier C,510,449,417,457,973.44,14,Air,679872.57,Retail,V2
T01125,2025-01-07,2025-01-24,P1001,Laptop,Electronics,Hamburg WH,Europe,S05,Supplier E,770,699,776,307,917.94,18,Sea,780716.27,Wholesale,V2
T01126,26/12/2024,2025-01-24,P1014,Shelf,Furniture,Berlin WH,N. America,S07,Supplier G,816,978,920,417,706.44,26,Sea,844128.64,Wholesale,V2
T01127,30/06/2024,2024-07-19,P1009,Keyboard,Electronics,BERLIN WH,Europe,S03,Supplier C,,631,152,427,1001.97,15,Road,1065584.95,Wholesale,V3
T01128,2025-09-27,23/10/2025,P1015,Lamp,Home,Berlin WH,North America,S02,Supplier B,747,655,631,194,251.79,27,Road,293946.57,Wholesale,V1
T01129,2025-05-23,2025-06-14,P1012,Camera,Electrnics,Munich WH,North America,S02,Supplier B,596,500,1007,474,164.12,16,Road,107674.7,Wholesale,V2
T01130,2024-08-04,2024-08-17,P1004,Headphones,Electronics,Berlin Warehouse,Europe,S08,Supplier H,623,532,1020,432,117.13,14,Air,92509.39,Wholesale,V2
T01131,2025-02-26,2025-12-03,P1015,Lamp,Home,Munich WH,NA,S07,Supplier G,639,709,,153,559.56,13,Sea,670699.05,Wholesale,V2
T01132,2025-02-28,2025-03-04,P1011,Router,Electronics,Berlin WH,North America,S04,Supplier D,571,558,585,152,1148.04,30,Air,1024665.92,Retail,V2
T01133,2025-06-15,2025-06-29,P1014,Shelf,electronics,Hamburg WH,N. America,S06,Supplier F,618,539,352,321,659.53,7,Road,631562.43,Wholesale,V1
T01134,23/09/2025,27/10/2025,P1011,Router,Electronics,Hamburg WH,N. America,S07,Supplier G,538,563,662,176,1428.52,27,Road,1064678.79,Wholesale,V3
T01135,26/06/2024,2024-07-07,P1007,Chair,Furniture,Berlin Warehouse,North America,S06,Supplier F,458,421,641,414,481.04,7,Road,333758.82,Retail,V3
T01136,2024-01-05,2024-05-17,P1011,Router,Electronics,Berlin Warehouse,NA,S07,Supplier G,457,412,-7,471,585.9,10,Air,340406.69,Retail,V1
T01137,27/01/2024,2024-02-29,P1007,Chair,Furniture,Berlin Warehouse,North America,S01,Supplier A,326,323,356,471,1217.02,26,Road,531954.35,Retail,V3
T01138,26/01/2025,2025-02-25,P1001,Laptop,Electronics,BERLIN WH,N. America,S03,Supplier C,676,745,772,382,430.73,22,Air,562651.81,Retail,V2
T01139,2024-07-17,14/08/2024,P1009,Keyboard,Electronic,Berlin WH,NA,S04,Supplier D,600,567,1108,343,63.36,26,Air,55061.43,Retail,V3
T01140,2024-01-24,2024-02-16,P1011,Router,Electronics,Berlin WH,North America,S02,Supplier B,812,861,,206,140.58,16,Air,149524.48,Wholesale,V2
T01141,2024-07-03,2024-08-04,P1002,Phone,Electronics,Berlin Warehouse,Europe,S02,Supplier B,479,486,841,403,98.01,29,Air,53648.72,Wholesale,V1
T01142,27/02/2025,2025-03-04,P1002,Phone,Electronics,Hamburg WH,Europe,S08,Supplier H,538,537,1145,470,379.82,4,Sea,330690.97,Wholesale,V1
T01143,2024-03-07,2024-02-08,P1005,Printer,Electronics,Munich WH,North America,S01,Supplier A,441,449,586,241,443.69,23,Air,253647.64,Wholesale,V2
T01144,2025-05-10,2025-05-30,P1010,Mouse,Electronics,Berlin WH,N. America,S01,Supplier A,-746,661,1023,231,638.21,18,Road,485624.5,Retail,V3
T01145,24/01/2024,2024-02-25,P1009,Keyboard,Electronics,Berlin WH,N. America,S03,Supplier C,554,691,883,260,786.94,29,Air,612438.11,Wholesale,V1
T01146,2024-08-13,2024-08-28,P1002,Phone,Electronics,Berlin Warehouse,North America,S03,Supplier C,942,794,732,287,820.02,10,Sea,925040.15,Wholesale,V2
T01147,2025-05-22,2025-06-01,P1007,Chair,Furniture,Berlin Warehouse,NA,S07,Supplier G,427,518,799,248,709.27,10,Sea,465928.57,Retail,V3
T01148,2025-08-24,2025-09-23,P1005,Printer,Electronics,Hamburg WH,Europe,S03,Supplier C,416,403,281,255,548.02,25,Sea,268332.89,Wholesale,V2
T01149,2025-09-29,2025-10-14,P1002,Phone,Electronics,BERLIN WH,NA,S07,,910,854,703,369,520.78,8,Road,780469.9,Retail,V2
T01150,2024-06-20,2024-07-07,P1015,Lamp,Home,Hamburg WH,NA,S01,Supplier A,533,527,925,411,61.2,10,Road,41046.32,Wholesale,V2
T01151,2024-01-31,2024-02-15,P1002,Phone,electronics,BERLIN WH,N. America,S03,Supplier C,779,762,528,315,1119.1,15,Air,1105030.32,Retail,V3
T01152,2025-01-15,2025-01-18,P1006,Desk,Furniture,BERLIN WH,North America,S03,Supplier C,384,398,733,310,1130.24,5,Road,713160.51,Wholesale,V1
T01153,2025-04-21,2025-05-09,P1010,Mouse,Electronics,Hamburg WH,NA,S06,Supplier F,245,251,,269,1288.29,19,Road,510569.34,Retail,V3
T01154,2024-08-10,2024-09-17,P1002,Phone,Electronics,Berlin WH,north america,S05,Supplier E,773,673,,461,108.45,30,Road,125684.78,Wholesale,V3
T01155,2025-03-21,2025-03-27,P1006,Desk,Furniture,Hamburg WH,Europe,S06,Supplier F,355,354,419,251,1412.22,8,Air,566639.47,Wholesale,V2
T01156,2024-05-02,2024-05-26,P1002,Phone,Electronics,Munich WH,Europe,S08,Supplier H,586,612,602,237,314.75,21,Air,269168.48,Retail,V2
T01157,19/01/2024,30/01/2024,P1011,Router,Electronics,Hamburg WH,North America,S01,,650,589,648,386,767.57,11,Road,810097.36,Retail,V2
T01158,22/10/2025,2025-10-31,P1001,Laptop,Electronics,BERLIN WH,NA,S02,Supplier B,376,416,686,390,665.38,5,Sea,334879.13,Wholesale,V2
T01159,22/03/2024,2024-04-10,P1009,Keyboard,Electronics,Hamburg WH,NA,S06,Supplier F,623,573,311,402,1413.09,21,Road,1390373.08,Wholesale,V2
T01160,2025-10-18,2025-07-11,P1015,Lamp,Home,Berlin WH,N. America,S02,Supplier B,702,685,,341,838,21,Air,677538.73,Retail,V1
T01161,2024-04-17,2024-04-23,P1006,Desk,Furniture,Berlin Warehouse,NA,S07,Supplier G,462,510,432,265,51.13,7,Road,41878.21,Retail,V3
T01162,2024-02-23,2024-02-28,P1005,Printer,Electronics,Berlin WH,NA,S01,Supplier A,517,510,593,206,1453.85,3,Sea,1066928.31,Wholesale,V2
T01163,2025-12-16,31/12/2025,P1003,Tablet,Electronics,Berlin Warehouse,NA,S03,Supplier C,1034,910,521,448,1495.34,16,Air,1906750.8,Wholesale,V3
T01164,2025-04-02,2025-04-21,P1011,Router,Electronics,Munich WH,Europe,S02,Supplier B,503,575,630,417,930.83,18,Road,740754.57,Wholesale,V2
T01165,25/11/2024,2024-12-01,P1013,Sofa,Furniture,BERLIN WH,North America,S08,Supplier H,802,886,613,265,1035.41,4,Sea,1618387.11,Retail,V3
T01166,2025-10-24,2025-11-02,P1012,Camera,Electronics,Berlin WH,N. America,S04,Supplier D,489,596,549,189,816.42,4,Air,559275.04,Retail,V2
T01167,29/01/2025,2025-02-11,P1004,Headphones,Electronics,Munich WH,north america,S08,Supplier H,659,623,825,203,1454.04,12,Road,1449179.23,Wholesale,V2
T01168,26/12/2025,2025-12-31,P1008,Monitor,Electronics,Berlin Warehouse,NA,S03,Supplier C,764,903,901,408,801.7,5,Sea,860622,Wholesale,V3
T01169,2025-09-06,2025-06-15,P1004,Headphones,Electronics,Hamburg WH,N. America,S07,Supplier G,463,442,1334,246,34.87,4,Road,19055.88,Wholesale,V3
T01170,2025-10-25,2025-11-23,P1002,Phone,Electronics,Berlin WH,N. America,S03,Supplier C,550,577,696,386,648.07,30,Air,598405.64,Wholesale,V1
T01171,2024-09-30,2024-10-23,P1001,Laptop,Electronics,BERLIN WH,NA,S08,Supplier H,491,510,904,488,342.2,18,Air,309988.6,Retail,V2
T01172,17/03/2025,2025-08-04,P1004,Headphones,Electronics,Munich WH,NA,S03,Supplier C,372,460,465,353,348.23,18,Air,263718.66,Wholesale,V2
T01173,13/01/2025,2025-01-31,P1002,Phone,Electronic,Berlin Warehouse,NA,S01,Supplier A,389,467,696,482,1215.29,14,Air,930784.09,Wholesale,V1
T01174,2025-08-31,2025-09-14,P1005,Printer,Electronics,Berlin WH,N. America,S08,Supplier H,733,659,734,415,1271.36,15,Air,1390253.26,Retail,V1
T01175,24/02/2024,2024-03-06,P1015,Lamp,Home,Berlin WH,north america,S01,Supplier A,352,310,712,444,1096.2,10,Air,607103.16,Wholesale,V1
T01176,2025-09-27,2025-10-10,P1012,Camera,Electronics,Berlin Warehouse,NA,S07,Supplier G,571,646,560,350,1192.96,14,Sea,948545.73,Retail,V1
T01177,2024-07-27,2024-05-08,P1006,Desk,Furniture,Berlin WH,N. America,S05,Supplier E,637,624,598,455,1354.41,11,Road,1477608.62,Wholesale,V3
T01178,2024-11-08,2024-11-28,P1014,Shelf,Furniture,Berlin WH,N. America,S04,,1149,995,-20,237,700.71,12,Air,1063157,Wholesale,V2
T01179,2024-05-25,2024-06-04,P1001,Laptop,Electronics,Berlin Warehouse,NA,S08,Supplier H,667,562,567,369,417.53,12,Air,339395.33,Retail,V3
T01180,2024-10-01,28/01/2024,P1010,Mouse,Electronics,Hamburg WH,N. America,S06,Supplier F,514,514,490,392,233.77,20,Sea,169355.94,Retail,V1
T01181,18/01/2024,2024-02-11,P1010,Mouse,Electronics,Berlin Warehouse,N. America,S05,Supplier E,550,532,181,266,32.57,18,Air,28290.26,Retail,V2
T01182,2024-12-09,2024-12-30,P1008,Monitor,Electronic,Hamburg WH,NA,S08,Supplier H,652,794,1051,329,1137.3,19,Sea,1597094.87,Wholesale,V1
T01183,2024-12-27,2025-01-30,P1005,Printer,Electronics,Munich WH,Europe,S06,Supplier F,705,808,417,415,873.87,26,Air,853227.7,Wholesale,V3
T01184,2025-06-15,2025-07-01,P1012,Camera,Electronics,Berlin Warehouse,NA,S01,Supplier A,679,664,450,225,591.96,15,Sea,547996.32,Retail,V1
T01185,14/08/2025,2025-08-21,P1012,Camera,Electronics,Berlin Warehouse,Europe,S07,Supplier G,569,685,703,334,1324.26,8,Road,1047281.72,Retail,V2
T01186,2025-10-03,2025-12-10,P1011,Router,Electronics,BERLIN WH,NA,S08,Supplier H,504,555,756,419,568.33,7,Sea,472581.15,Wholesale,V2
T01187,2024-11-12,2024-12-03,P1004,Headphones,Electronics,Munich WH,North America,S01,Supplier A,912,855,753,446,627.25,18,Sea,766634.08,Wholesale,V3
T01188,21/12/2024,2025-01-15,P1005,Printer,Electronics,Berlin Warehouse,Europe,S02,Supplier B,802,872,1059,154,588.35,17,Road,871184.83,Retail,V3
T01189,23/10/2024,2024-11-11,P1010,Mouse,Electronics,Berlin WH,NA,S03,Supplier C,337,398,931,305,392.96,17,Air,272841.07,Wholesale,V1
T01190,2024-08-10,2024-08-29,P1005,Printer,Electronics,Berlin WH,Europe,S02,Supplier B,851,820,1309,177,561.72,17,Sea,766904.76,Retail,V1
T01191,14/09/2024,2024-10-17,P1003,Tablet,Electronics,Munich WH,N. America,S06,Supplier F,490,576,715,295,814.55,27,Air,823693.41,Wholesale,V1
T01192,20/07/2024,2024-07-27,P1007,Chair,Furniture,Hamburg WH,NA,S02,,653,591,601,298,386.76,9,Air,257247.29,Wholesale,V2
T01193,2025-02-12,2025-03-02,P1015,Lamp,Home,BERLIN WH,N. America,S02,Supplier B,469,534,-20,283,569.48,11,Road,441310.07,Wholesale,V3
T01194,26/11/2024,2024-12-23,P1013,Sofa,Furniture,BERLIN WH,N. America,S03,Supplier C,799,831,783,499,737.91,26,Sea,906669.36,Retail,V2
T01195,2024-08-11,2024-12-05,P1002,Phone,Electronics,Munich WH,N. America,S05,Supplier E,952,848,803,440,1045.46,22,Sea,1320170.21,Wholesale,V1
T01196,2024-05-21,16/06/2024,P1009,Keyboard,Electronics,BERLIN WH,Europe,S08,Supplier H,-351,411,1116,310,1005.33,18,Sea,606262.47,Wholesale,V2
T01197,2025-03-06,2025-03-23,P1007,Chair,Furniture,Hamburg WH,North America,S08,Supplier H,386,332,1000,164,889.31,19,Air,342426.63,Wholesale,V1
T01198,17/08/2025,2025-09-13,P1009,Keyboard,Electronics,Munich WH,NA,S06,Supplier F,993,889,622,215,752,21,Air,1154095.46,Wholesale,V1
T01199,16/02/2025,2025-03-21,P1011,Router,Electronics,Hamburg WH,North America,S01,Supplier A,496,428,310,386,1346.46,27,Air,910529.5,Retail,V2
T01200,27/10/2025,2025-03-11,P1002,Phone,Electronics,Munich WH,Europe,S06,Supplier F,392,451,903,454,374.27,5,Road,235061.27,Wholesale,V1
T01201,2024-05-04,2024-05-22,P1012,Camera,Electronics,Munich WH,Europe,S01,Supplier A,342,401,416,254,458.34,18,Air,275801.54,Retail,V3
T01202,2025-10-17,2025-11-10,P1014,Shelf,Furniture,Berlin WH,Europe,S03,Supplier C,288,263,512,304,1342.39,22,Road,575381.77,Retail,V1
T01203,2024-09-03,2024-07-04,P1001,Laptop,Electronics,Munich WH,North America,S03,Supplier C,552,642,495,459,212.87,30,Air,183392.78,Retail,V1
T01204,30/04/2025,2025-05-02,P1001,Laptop,Electronics,BERLIN WH,Europe,S08,Supplier H,352,427,883,350,214.93,3,Sea,156120.61,Retail,V1
T01205,2025-07-13,2025-08-02,P1005,Printer,Electronics,Hamburg WH,N. America,S08,Supplier H,346,339,881,486,800.82,21,Road,423181.28,Retail,V1
T01206,2024-05-25,2024-06-18,P1014,Shelf,Furniture,Berlin Warehouse,Europe,S04,,518,561,605,237,1047.31,18,Sea,652926.72,Wholesale,V2
T01207,2025-11-14,2025-12-09,P1002,Phone,Electronics,Hamburg WH,Europe,S08,Supplier H,735,723,384,338,127.65,23,Road,152565.43,Retail,V2
T01208,2025-03-02,2025-06-03,P1014,Shelf,Furniture,Hamburg WH,North America,S07,Supplier G,651,581,430,225,851.58,2,Road,800840.48,Wholesale,V1
T01209,17/08/2025,2025-09-16,P1005,Printer,Electronics,Munich WH,Europe,S01, Supplier A ,621,553,1040,480,456.16,22,Air,378346.64,Wholesale,V1
T01210,24/04/2025,2025-04-26,P1015,Lamp,Home,BERLIN WH,north america,S08,Supplier H,384,417,1048,291,699.83,2,Road,488105.91,Retail,V2
T01211,2025-12-24,2025-12-28,P1009,Keyboard,Electronics,Berlin Warehouse,NA,S07,Supplier G,967,909,889,412,1356.84,4,Road,1441785.46,Wholesale,V2
T01212,2024-05-23,2024-06-04,P1005,Printer,Electronics,Hamburg WH,Europe,S05,Supplier E,667,591,454,351,1288.4,4,Sea,1058845.56,Retail,V3
T01213,26/12/2025,2026-01-22,P1015,Lamp,Home,Munich WH,north america,S05,Supplier E,788,884,487,216,450.97,24,Sea,654032.39,Wholesale,V1
T01214,2024-02-16,29/02/2024,P1001,Laptop,Electronics,Berlin WH,Europe,S03,Supplier C,608,728,340,268,519.29,5,Road,439585,Wholesale,V2
T01215,2024-08-25,2024-09-24,P1013,Sofa,Furniture,Hamburg WH,Europe,S04,Supplier D,607,518,644,203,530,30,Air,332931.67,Retail,V3
T01216,2024-09-13,2024-10-02,P1002,Phone,Electronics,Munich WH,North America,S01,Supplier A,-623,778,723,187,372.42,16,Air,509052.92,Wholesale,V1
T01217,2025-12-16,2026-01-14,P1008,Monitor,Electronics,Munich WH,N. America,S07,Supplier G,1020,1030,752,218,1491.96,22,Air,2420977.82,Wholesale,V2
T01218,24/03/2025,2025-04-01,P1011,Router,Electronics,Hamburg WH,north america,S05,Supplier E,313,306,525,265,470.38,8,Air,167040.97,Retail,V3
T01219,2024-01-25,2024-01-28,P1011,Router,Electronics,Berlin WH,NA,S02,Supplier B,635,530,998,254,444.53,3,Sea,305413.82,Retail,V2
T01220,2024-07-08,2024-06-08,P1011,Router,Electronics,Munich WH,Europe,S08,Supplier H,424,464,624,247,1193.4,28,Road,960197.47,Wholesale,V2
T01221,2025-09-25,2025-10-15,P1015,Lamp,Home,Hamburg WH,North America,S03,Supplier C,556,658,892,184,1307.64,16,Road,1329595.61,Retail,V1
T01222,13/06/2025,2025-01-07,P1005,Printer,Electronics,Berlin WH,north america,S02,Supplier B,429,469,399,210,1110.46,17,Road,738185.56,Wholesale,V1
T01223,2024-08-17,2024-09-03,P1014,Shelf,Furniture,Berlin WH,N. America,S05,Supplier E,667,667,149,278,487.59,14,Sea,523760.53,Retail,V3
T01224,2025-12-08,2025-08-31,P1004,Headphones,Electronics,Munich WH,North America,S05,Supplier E,763,748,788,354,1242.31,21,Road,1219593.92,Wholesale,V2
T01225,30/10/2025,2025-11-16,P1001,Laptop,Electronics,Berlin Warehouse,NA,S01,Supplier A,300,304,473,323,442.66,15,Air,238607.42,Retail,V1
T01226,2025-07-14,2025-08-11,P1014,Shelf,Furniture,Berlin Warehouse,Europe,S06,Supplier F,428,424,626,489,104.51,30,Air,52172.35,Retail,V2
T01227,2024-03-13,2024-03-30,P1007,Chair,Furniture,BERLIN WH,North America,S02,Supplier B,464,477,325,432,1203.54,17,Air,928664.21,Retail,V2
T01228,2025-03-06,2025-06-22,P1004,Headphones,Electronics,Berlin Warehouse,North America,S06,Supplier F,258,279,496,370,1165.51,17,Air,369547.95,Retail,V1
T01229,2025-07-01,2025-07-22,P1010,Mouse,Electronics,Munich WH,Europe,S07,Supplier G,329,368,683,499,1400.11,23,Air,876760.04,Wholesale,V2
T01230,2025-12-13,2026-01-01,P1003,Tablet,Electronics,Berlin WH,Europe,S07,Supplier G,888,881,,368,1463.36,19,Air,2289705.68,Wholesale,V2
T01231,2024-07-17,2024-07-27,P1006,Desk,Furniture,Berlin WH,north america,S07,Supplier G,503,573,560,179,336.04,9,Air,302933.65,Retail,V2
T01232,2025-07-03,2025-08-02,P1010,Mouse,Electronics,Berlin WH,North America,S01,Supplier A,486,582,662,157,777.06,29,Air,788254.07,Retail,V2
T01233,2024-07-03,2024-07-23,P1005,Printer,Electronics,Berlin Warehouse,NA,S01,Supplier A,571,662,321,310,1452.67,13,Air,1673613.61,Wholesale,V2
T01234,2025-04-11,2025-11-20,P1002,Phone,Electronics,Berlin Warehouse,Europe,S02,Supplier B,839,857,375,189,906.54,10,Road,893607.33,Wholesale,V1
T01235,2025-03-30,2025-05-01,P1012,Camera,Electronics,BERLIN WH,N. America,S05,Supplier E,413,512,737,337,503.97,26,Road,397259.6,Wholesale,V2
T01236,2025-12-15,2026-01-01,P1009,Keyboard,Electronics,Munich WH,Europe,S02,Supplier B,1005,954,637,177,126.42,13,Sea,209406.38,Retail,V1
T01237,2024-05-20,2024-06-20,P1014,Shelf,Furniture,Berlin Warehouse,North America,S04,Supplier D,260,272,777,306,285.88,25,Sea,117000.66,Retail,V1
T01238,2024-08-28,2024-09-28,P1012,Camera,Electronics,Berlin WH,North America,S08,Supplier H,583,700,848,482,937.6,26,Sea,878258.61,Retail,V2
T01239,2024-10-11,2024-07-11,P1010,Mouse,Electronics,Berlin WH,NA,S07,Supplier G,416,475,979,303,302.84,28,Road,235644.07,Wholesale,V2
T01240,2024-01-20,2024-02-03,P1014,Shelf,Furniture,Berlin Warehouse,N. America,S07,Supplier G,533,605,507,346,496.1,16,Sea,427952.59,Retail,V3
T01241,2025-03-17,26/03/2025,P1009,Keyboard,Electronics,Munich WH,NA,S01,Supplier A,370,431,405,488,774.78,11,Air,474984.89,Wholesale,V2
T01242,2025-08-28,2025-09-29,P1004,Headphones,Electronics,Hamburg WH,Europe,S01,Supplier A,786,679,98,324,1213.93,25,Road,908793.94,Retail,V1
T01243,20/07/2025,2025-08-09,P1007,Chair,Furniture,Munich WH,north america,S05,Supplier E,362,407,256,423,315.37,16,Road,144586.05,Wholesale,V1
T01244,2025-01-25,2025-01-29,P1008,Monitor,Electronics,BERLIN WH,North America,S04,Supplier D,,342,898,217,361.85,2,Air,205595.28,Wholesale,V2
T01245,2025-08-07,20/08/2025,P1007,Chair,Furniture,BERLIN WH,NA,S01,Supplier A,669,693,995,465,1467.22,10,Road,1261213.39,Retail,V1
T01246,2024-10-11,2024-12-09,P1010,Mouse,Electrnics,Hamburg WH,Europe,S06,Supplier F,,816,461,285,581.46,29,Air,824433.82,Wholesale,V1
T01247,2025-04-22,2025-05-20,P1001,Laptop,Electronics,Berlin Warehouse,Europe,S06,Supplier F,396,338,1142,395,91.73,22,Air,38668.9,Retail,V2
T01248,2025-09-16,2025-02-10,P1009,Keyboard,Electronics,BERLIN WH,NA,S06,Supplier F,766,939,984,182,616.5,16,Sea,899836.56,Wholesale,V1
T01249,2024-08-20,2024-09-25,P1011,Router,Electronics,Berlin WH,N. America,S03,Supplier C,758,817,1049,225,158.41,29,Air,181057.18,Retail,V1
T01250,2025-01-12,2025-12-11,P1009,Keyboard,Electronics,Munich WH,N. America,S08,Supplier H,732,662,632,446,756.96,12,Air,659970.54,Wholesale,V2
T01251,2024-01-17,2024-02-08,P1011,Router,Electronics,Munich WH,N. America,S06,Supplier F,572,535,762,426,89.51,24,Sea,71660.62,Retail,V1
T01252,2025-03-06,2025-06-08,P1008,Monitor,Electronics,Berlin Warehouse,NA,S02,Supplier B,388,436,796,411,1326.09,4,Road,644136.48,Wholesale,V3
T01253,2025-03-01,2025-03-05,P1002,Phone,Electronics,BERLIN WH,north america,S07,Supplier G,-468,479,,294,30.5,6,Sea,24450.15,Wholesale,V2
T01254,29/10/2025,17/11/2025,P1006,Desk,Furniture,Berlin Warehouse,NA,S08,Supplier H,614,574,167,300,1059.89,21,Air,1076331.85,Wholesale,V1
T01255,2025-08-28,2025-09-08,P1001,Laptop,Electronics,Munich WH,north america,S02,Supplier B,487,413,886,461,970.32,8,Road,524453.37,Wholesale,V1
T01256,2025-01-22,2025-02-16,P1014,Shelf,Furniture,Hamburg WH,North America,S01,Supplier A,660,668,397,486,314.42,25,Air,319497.46,Retail,V3
T01257,2025-05-30,2025-06-23,P1010,Mouse,Electronics,Munich WH,North America,S07,Supplier G,493,484,537,425,665.35,25,Road,522998.46,Wholesale,V3
T01258,2025-06-21,2025-07-02,P1009,Keyboard,Electronics,Munich WH,NA,S08,Supplier H,457,561,854,312,307.31,10,Air,254399.14,Wholesale,V1
T01259,2025-05-01,2025-01-29,P1004,Headphones,Electronics,Berlin Warehouse,Europe,S08,Supplier H,428,441,910,311,716.64,25,Road,382456.87,Wholesale,V2
T01260,22/03/2024,18/04/2024,P1006,Desk,Furniture,Munich WH,N. America,S02,Supplier B,337,405,503,335,1394.19,22,Sea,850254.4,Wholesale,V1
T01261,2025-08-06,2025-08-19,P1014,Shelf,Furniture,Munich WH,N. America,S03,Supplier C,728,776,764,425,939.83,9,Road,822046.62,Wholesale,V2
T01262,2024-12-15,2025-01-03,P1006,Desk,Furniture,Munich WH,N. America,S02,Supplier B,1053,952,595,191,538.95,15,Road,699722.34,Wholesale,V3
T01263,2024-07-21,2024-07-23,P1015,Lamp,Home,Berlin WH,Europe,S03,Supplier C,369,410,534,382,1212.74,2,Sea,644288.01,Wholesale,V3
T01264,13/04/2024,2024-04-15,P1003,Tablet,Electronics,Berlin WH,N. America,S01, Supplier A ,,502,352,370,377.2,2,Road,218699.67,Wholesale,V2
T01265,2024-12-28,2025-08-01,P1003,Tablet,Electronics,Berlin WH,NA,S07,Supplier G,1076,1055,512,435,1228.85,9,Sea,2296915.79,Retail,V3
T01266,2024-02-16,2024-03-10,P1002,Phone,Electronics,Hamburg WH,Europe,S06,Supplier F,553,555,1025,379,79.3,15,Sea,78737.69,Wholesale,V3
T01267,2024-05-17,2024-06-20,P1012,Camera,Electronics,Berlin WH,N. America,S03,Supplier C,397,373,611,451,440.75,28,Air,248250.99,Wholesale,V3
T01268,26/10/2025,2025-11-11,P1008,Monitor,Electronics,Munich WH,north america,S07,Supplier G,384,339,1233,314,412.15,16,Sea,197568.44,Retail,V1
T01269,2024-10-31,26/11/2024,P1008,Monitor,Electronics,Munich WH,north america,S06,Supplier F,828,744,817,174,604.31,20,Road,697894.2,Wholesale,V2
T01270,2024-11-26,2024-11-30,P1007,Chair,Furniture,Berlin Warehouse,Europe,S06,Supplier F,867,1074,515,241,323.68,6,Road,500923.5,Wholesale,V3
T01271,2025-09-22,2025-03-10,P1006,Desk,Furniture,Berlin WH,NA,S02,Supplier B,830,709,962,327,736.02,11,Sea,753176.54,Wholesale,V2
T01272,2024-08-17,2024-09-03,P1015,Lamp,Home,Berlin WH,N. America,S03,,651,725,634,297,1351.43,10,Road,1702454.88,Wholesale,V1
T01273,2024-08-04,2024-04-27,P1004,Headphones,Electronics,Munich WH,north america,S03,,538,503,872,164,1172.2,21,Air,702652.14,Retail,V2
T01274,2024-01-27,2024-02-20,P1006,Desk,Furniture,Hamburg WH,north america,S04,Supplier D,50000,448,723,294,249.17,20,Air,137084.52,Wholesale,V2
T01275,22/04/2024,2024-05-26,P1012,Camera,Electronics,Hamburg WH,NA,S02,Supplier B,400,382,210,377,130.15,30,Air,72218.57,Retail,V2
T01276,2025-11-15,2025-11-12,P1002,Phone,Electronics,Berlin WH,NA,S06,Supplier F,986,935,381,190,843.93,25,Air,1275781.14,Wholesale,V2
T01277,2025-09-04,2025-05-07,P1011,Router,Electronics,Hamburg WH,North America,S02,Supplier B,,640,,311,736.59,30,Road,732428.08,Wholesale,V1
T01278,25/07/2025,14/08/2025,P1011,Router,Electronics,Berlin Warehouse,N. America,S01,Supplier A,264,317,937,474,154.58,22,Road,85569.82,Wholesale,V1
T01279,2025-11-20,2025-01-12,P1004,Headphones,Electronics,Berlin Warehouse,Europe,S05,Supplier E,762,809,795,390,896.87,6,Sea,1222509.38,Retail,V1
T01280,2025-10-12,2025-11-11,P1015,Lamp,Home,Berlin WH,Europe,S02,Supplier B,269,326,871,414,61.72,29,Air,25579.91,Wholesale,V3
T01281,17/09/2025,2025-04-10,P1004,Headphones,Electronics,Munich WH,Europe,S03,,733,674,,169,1379.06,15,Road,1287922.74,Retail,V3
T01282,23/12/2024,2025-01-21,P1008,Monitor,Electronics,BERLIN WH,Europe,S03,Supplier C,1057,909,353,303,1210.47,28,Sea,1261052.55,Wholesale,V3
T01283,31/12/2024,2025-06-01,P1009,Keyboard,Electronics,Berlin WH,NA,S08,Supplier H,1138,979,1141,301,201.27,5,Sea,290407.44,Wholesale,V2
T01284,2024-10-09,2024-09-22,P1011,Router,Electronics,BERLIN WH,North America,S07,Supplier G,667,672,942,209,124.28,7,Sea,108128.42,Wholesale,V3
T01285,2024-05-11,2024-05-06,P1013,Sofa,Furniture,Berlin Warehouse,North America,S08,Supplier H,498,546,661,400,702.09,21,Sea,601812.28,Wholesale,V3
T01286,2024-08-08,2024-08-30,P1015,Lamp,Home,BERLIN WH,NA,S07,Supplier G,759,693,387,181,1302.95,19,Sea,1389072.88,Wholesale,V2
T01287,2025-03-11,2025-03-26,P1007,Chair,Furniture,Berlin Warehouse,NA,S05,Supplier E,473,402,791,177,216.21,10,Road,142740.32,Retail,V2
T01288,2025-04-03,2025-05-03,P1007,Chair,Furniture,Munich WH,N. America,S04,Supplier D,570,524,672,443,1135.64,30,Road,745832.6,Retail,V3
T01289,2025-09-17,2025-10-04,P1006,Desk,Furniture,Berlin WH,Europe,S03,Supplier C,1052,950,448,459,173.86,19,Air,292949.39,Wholesale,V2
T01290,20/07/2025,2025-07-31,P1002,Phone,Electronics,Munich WH,N. America,S01,Supplier A,520,461,835,415,787.12,8,Air,516449.07,Wholesale,V3
T01291,2024-08-22,2024-07-09,P1005,Printer,Electronics,Berlin Warehouse,north america,S03,Supplier C,863,791,264,341,628.18,12,Road,765436.49,Retail,V1
T01292,2024-06-02,17/02/2024,P1014,Shelf,Furniture,Hamburg WH,Europe,S01,Supplier A,515,628,953,419,1292.43,5,Air,1153168.29,Retail,V2
T01293,2024-04-11,2024-12-01,P1001,Laptop,Electronics,Berlin WH,NA,S04,Supplier D,788,794,498,473,1332.51,26,Road,1444021.88,Retail,V2
T01294,2025-11-02,30/11/2025,P1007,Chair,Furniture,Berlin WH,North America,S03,Supplier C,844,853,760,288,1487.7,29,Road,2080293.18,Wholesale,V1
T01295,16/01/2024,2024-02-17,P1012,Camera,Electronics,Hamburg WH,N. America,S03,Supplier C,446,500,330,198,626.15,25,Road,515339.86,Wholesale,V2
T01296,2025-11-03,2025-03-26,P1009,Keyboard,Electronics,Berlin Warehouse,North America,S01,Supplier A,481,412,881,304,897,10,Sea,504804.84,Wholesale,V2
T01297,2024-10-25,2024-11-15,P1007,Chair,Furniture,BERLIN WH,Europe,S02,Supplier B,818,799,711,263,739.88,15,Sea,859229.24,Retail,V2
T01298,18/01/2024,2024-02-19,P1008,Monitor,Electronics,Berlin WH,Europe,S07,Supplier G,563,554,583,340,214,26,Air,193994.36,Retail,V2
T01299,2024-08-25,2024-09-13,P1008,Monitor,Electronics,BERLIN WH,NA,S06,Supplier F,589,585,614,394,186.66,20,Air,191507.16,Retail,V1
T01300,2025-07-28,18/08/2025,P1003,Tablet,Electronics,Berlin WH,N. America,S04,Supplier D,413,430,515,400,587.08,20,Sea,418114.58,Wholesale,V3
T01301,2025-08-03,2025-03-09,P1013,Sofa,Furniture,BERLIN WH,Europe,S04,Supplier D,496,547,657,180,773.49,26,Sea,509080.26,Wholesale,V1
T01302,2024-02-07,18/02/2024,P1006,Desk,Furniture,Munich WH,Europe,S07,Supplier G,696,641,1200,152,1407.8,10,Road,1568892.61,Wholesale,V2
T01303,2025-10-29,2025-11-27,P1004,Headphones,Electronics,Munich WH,north america,S06,Supplier F,523,452,513,386,1458.64,24,Road,1121826.04,Retail,V1
T01304,2025-11-03,2025-03-15,P1012,Camera,Electronics,Berlin Warehouse,north america,S02,Supplier B,468,480,693,342,88.18,6,Road,62673.32,Retail,V1
T01305,2024-07-21,2024-08-24,P1008,Monitor,Electronics,Hamburg WH,N. America,S02,Supplier B,478,458,178,169,1305.83,30,Road,934981.65,Wholesale,V1
T01306,14/07/2025,2025-07-24,P1007,Chair,Furniture,Hamburg WH,NA,S07,Supplier G,758,653,633,154,197.24,11,Road,189635.72,Wholesale,V3
T01307,2024-11-26,18/12/2024,P1010,Mouse,Electronics,Berlin Warehouse,NA,S06,Supplier F,866,1002,799,438,1222.37,22,Road,2078972.39,Retail,V3
T01308,2025-01-15,2025-02-01,P1009,Keyboard,Electronics,BERLIN WH,N. America,S05,,549,473,796,391,494.58,16,Air,347778.33,Wholesale,V1
T01309,2024-11-21,2024-07-12,P1007,Chair,Furniture,Berlin WH,NA,S03,Supplier C,764,847,1130,226,301.81,17,Road,401079.96,Retail,V1
T01310,2025-11-12,2025-12-14,P1002,Phone,Electronics,Munich WH,Europe,S08,Supplier H,811,861,98,319,494.65,5,Road,755851.01,Retail,V1
T01311,24/12/2024,2025-01-13,P1011,Router,Electronics,Berlin Warehouse,NA,S04,Supplier D,857,882,710,326,1315.01,22,Sea,1520571.11,Wholesale,V3
T01312,2024-11-09,2024-12-04,P1006,Desk,Furniture,Berlin Warehouse,North America,S07,Supplier G,964,925,616,280,864.06,19,Road,909156,Retail,V1
T01313,2024-08-09,2024-08-28,P1005,Printer,Electronics,Berlin Warehouse,north america,S03,Supplier C,653,740,451,284,766.02,20,Road,839748.44,Wholesale,V2
T01314,2025-08-12,2025-09-09,P1013,Sofa,Furniture,Berlin Warehouse,N. America,S05,Supplier E,810,713,686,465,1089.11,23,Air,896584.47,Retail,V1
T01315,2024-04-03,2024-04-15,P1015,Lamp,Electronic,Berlin WH,NA,S03,Supplier C,429,497,455,223,1467.83,7,Air,883412.3,Retail,V1
T01316,2025-06-07,2025-05-07,P1013,Sofa,Furniture,BERLIN WH,NA,S08,,,227,,367,210.97,23,Road,67104.76,Retail,V1
T01317,27/07/2025,2025-08-25,P1007,Chair,Furniture,BERLIN WH,NA,S07,Supplier G,463,568,617,347,1372.32,24,Road,1311935.82,Wholesale,V3
T01318,2024-03-21,2024-04-14,P1015,Lamp,Home,Berlin Warehouse,Europe,S04,Supplier D,499,615,,235,1450.96,22,Road,1310505.8,Wholesale,V2
T01319,2025-12-12,2025-12-23,P1013,Sofa,Furniture,Hamburg WH,NA,S05,Supplier E,646,782,348,500,1484.24,5,Air,1308666.89,Retail,V2
T01320,2025-04-22,2025-05-07,P1013,Sofa,Furniture,Munich WH,N. America,S06,Supplier F,485,412,1193,367,384.08,8,Sea,233003.61,Wholesale,V1
T01321,2024-11-01,2024-01-30,P1004,Headphones,Electronics,Berlin WH,north america,S08, Supplier A ,600,726,658,334,306.81,18,Sea,278473.59,Wholesale,V1
T01322,2025-01-12,2025-01-21,P1015,Lamp,Home,BERLIN WH,North America,S05,Supplier E,416,405,850,407,338.56,2,Road,233528.76,Wholesale,V3
T01323,2025-05-05,23/05/2025,P1007,Chair,Furniture,Berlin WH,north america,S01,Supplier A,473,503,874,279,366.41,10,Air,209157.05,Wholesale,V3
T01324,2025-10-09,2025-11-03,P1008,Monitor,Electronics,Munich WH,North America,S08,Supplier H,609,601,381,238,1417.18,17,Air,1173161.22,Wholesale,V1
T01325,19/09/2025,2025-10-18,P1015,Lamp,Home,Berlin WH,Europe,S03,Supplier C,690,687,1185,240,416.31,29,Air,405688.2,Retail,V2
T01326,14/10/2025,2025-10-25,P1012,Camera,Electronics,BERLIN WH,N. America,S01,Supplier A,849,722,634,310,507.4,5,Road,413798.97,Retail,V2
T01327,19/11/2025,26/12/2025,P1014,Shelf,Furniture,BERLIN WH,north america,S06,Supplier F,1102,1271,635,236,1145.49,30,Air,2605292.64,Wholesale,V2
T01328,2025-11-14,28/11/2025,P1011,Router,Electronics,Berlin Warehouse,NA,S01,Supplier A,927,945,873,183,820.1,8,Air,1313398.77,Retail,V2
T01329,15/02/2024,2024-01-03,P1005,Printer,Electronics,Berlin WH,NA,S04,Supplier D,222,223,609,408,877.11,15,Sea,241043,Wholesale,V1
T01330,15/12/2024,2024-12-30,P1008,Monitor,Electronics,Berlin WH,North America,S02,Supplier B,984,935,868,439,167.25,16,Air,238152.6,Retail,V1
T01331,2024-11-21,2024-12-16,P1010,Mouse,Electronics,Berlin Warehouse,NA,S01,Supplier A,,607,871,236,152.05,27,Sea,129367.9,Retail,V3
T01332,2024-09-09,18/09/2024,P1005,Printer,electronics,Hamburg WH,NA,S04,Supplier D,855,920,849,217,160.21,11,Air,262818.23,Wholesale,V1
T01333,2025-08-01,30/08/2025,P1006,Desk,Furniture,BERLIN WH,N. America,S07,Supplier G,665,628,281,265,56.55,28,Air,59207.28,Wholesale,V2
T01334,15/12/2025,2026-04-01,P1008,Monitor,Electronics,Munich WH,NA,S05,Supplier E,567,688,772,197,260.5,17,Sea,309434.48,Wholesale,V3
T01335,2025-04-12,2026-08-01,P1014,Shelf,Furniture,Hamburg WH,N. America,S03,Supplier C,633,767,905,168,1042.11,28,Road,1199495.4,Retail,V3
T01336,20/03/2025,2025-07-04,P1006,Desk,Furniture,Munich WH,NA,S05,Supplier E,,293,399,256,1011.02,12,Air,527129.66,Retail,V2
T01337,2024-11-08,2024-08-22,P1008,Monitor,Electronics,Berlin Warehouse,Europe,S05,Supplier E,720,743,400,166,681.1,5,Air,646692.19,Wholesale,V3
T01338,2024-11-26,2024-12-14,P1006,Desk,Furniture,BERLIN WH,North America,S07,Supplier G,907,892,1027,487,471.05,20,Road,515668.42,Wholesale,V1
T01339,2024-06-11,2024-07-01,P1007,Chair,Furniture,Berlin WH,N. America,S08,,464,529,582,321,1041.31,12,Sea,756466.31,Wholesale,V1
T01340,2025-04-23,2025-05-16,P1009,Keyboard,Electronics,Hamburg WH,north america,S03,,370,391,84,161,168.92,16,Road,86967.82,Wholesale,V3
T01341,2025-02-12,2025-03-12,P1008,Monitor,Electronics,Munich WH,NA,S04,Supplier D,593,649,1007,279,700.95,25,Sea,562009.85,Wholesale,V2
T01342,2024-11-02,2024-02-20,P1015,Lamp,Home,Hamburg WH,NA,S04,Supplier D,427,480,754,409,433.81,5,Road,247622.7,Wholesale,V3
T01343,2024-01-30,2024-07-03,P1003,Tablet,Electronics,Munich WH,N. America,S03,Supplier C,361,423,752,303,974.24,30,Road,551296.61,Retail,V1
T01344,2025-10-11,2025-11-21,P1006,Desk,Furniture,BERLIN WH,Europe,S01,Supplier A,864,958,1141,196,983.23,11,Sea,1112793.29,Retail,V2
T01345,2024-01-01,2024-01-31,P1011,Router,Electronics,BERLIN WH,NA,S03,Supplier C,191,211,1048,252,913.93,30,Air,329742.26,Retail,V1
T01346,2024-07-27,2024-08-10,P1007,Chair,Furniture,Munich WH,NA,S02,Supplier B,300,333,579,275,729.59,6,Air,329710.79,Wholesale,V1
T01347,2024-12-18,2025-01-14,P1002,Phone,Electronics,Berlin Warehouse,Europe,S08,Supplier H,827,872,878,431,587.63,23,Road,863741.46,Wholesale,V2
T01348,24/12/2025,2026-02-01,P1004,Headphones,Electronics,Berlin Warehouse,Europe,S02,Supplier B,972,1042,1093,348,1230.5,6,Sea,1444831.69,Wholesale,V3
T01349,2025-10-03,17/03/2025,P1010,Mouse,Electronics,Hamburg WH,north america,S07,Supplier G,483,504,972,423,755.81,4,Air,596987.26,Retail,V3
T01350,2024-01-07,2024-07-17,P1013,Sofa,Furniture,Munich WH,North America,S04,Supplier D,223,261,531,338,670.41,13,Road,253266.26,Wholesale,V1
T01351,2025-10-23,2025-10-29,P1004,Headphones,Electronics,Berlin Warehouse,NA,S03,Supplier C,677,700,474,405,1442.9,8,Sea,1534734.79,Retail,V2
T01352,28/01/2025,2025-02-05,P1011,Router,Electrnics,BERLIN WH,Europe,S03,Supplier C,465,485,723,367,518.53,6,Road,376887.97,Wholesale,V1
T01353,2024-09-24,16/10/2024,P1007,Chair,Furniture,Munich WH,North America,S03,Supplier C,790,777,425,233,1252.68,14,Sea,1155892.75,Retail,V2
T01354,2025-12-03,2026-01-05,P1012,Camera,Electronics,Berlin WH,N. America,S02,Supplier B,1083,919,,485,634.2,29,Sea,774498.9,Retail,V3
T01355,2025-03-06,2025-06-28,P1007,Chair,Furniture,Hamburg WH,Europe,S08,Supplier H,658,580,741,155,1493.32,17,Air,966421.22,Wholesale,V2
T01356,2024-09-21,2024-10-23,P1012,Camera,Electronics,Munich WH,NA,S02,Supplier B,823,730,475,459,442.16,27,Sea,409102.73,Wholesale,V3
T01357,2025-01-08,31/01/2025,P1002,Phone,Electronics,Berlin WH,N. America,S03,Supplier C,524,512,121,367,1098.35,19,Air,758275.26,Wholesale,V3
T01358,2025-08-27,2025-10-01,P1005,Printer,Electronics,Hamburg WH,Europe,S04,Supplier D,878,862,1147,413,967.92,28,Air,1069311.2,Wholesale,V2
T01359,2024-10-02,2024-02-21,P1002,Phone,Electronics,Munich WH,NA,S08,Supplier H,568,500,313,385,1057.91,13,Sea,874007.38,Wholesale,V2
T01360,22/11/2025,2025-12-02,P1005,Printer,Electronics,BERLIN WH,NA,S01, Supplier A ,735,768,270,427,303.97,10,Sea,266797.53,Retail,V2
T01361,2024-11-28,2024-12-06,P1005,Printer,Electronics,Berlin WH,north america,S01,Supplier A,793,916,706,455,89.09,5,Road,134297.45,Wholesale,V1
T01362,28/06/2024,2024-07-23,P1002,Phone,Electronics,Hamburg WH,Europe,S02,Supplier B,631,584,,214,1419.6,25,Sea,1149264.8,Wholesale,V2
T01363,2025-12-06,2025-12-31,P1010,Mouse,Electronics,Berlin WH,North America,S04,Supplier D,890,846,-20,418,685.41,20,Sea,714408.34,Wholesale,V1
T01364,2024-05-30,2024-06-16,P1010,Mouse,Electronics,BERLIN WH,NA,S02,Supplier B,998,888,923,345,1108.57,18,Sea,1540261.43,Wholesale,V1
T01365,2024-07-07,31/07/2024,P1012,Camera,Electronics,Hamburg WH,North America,S05,Supplier E,25000,540,551,484,1343.27,25,Air,1264972.42,Wholesale,V2
T01366,22/09/2025,2025-10-12,P1009,Keyboard,Electrnics,Hamburg WH,N. America,S04,Supplier D,,686,605,175,239.19,13,Sea,266213.66,Wholesale,V3
T01367,2025-12-06,2026-01-01,P1013,Sofa,Furniture,Berlin WH,north america,S03,Supplier C,1280,1098,855,291,1064.14,18,Sea,1834715.22,Retail,V3
T01368,2024-10-18,2024-10-24,P1005,Printer,Electrnics,Hamburg WH,N. America,S01,,546,511,440,358,637.82,8,Sea,525221.73,Wholesale,V2
T01369,2025-09-05,15/09/2025,P1013,Sofa,Furniture,Berlin WH,NA,S06,Supplier F,529,604,710,199,1263.2,9,Air,1226432.18,Retail,V3
T01370,2024-10-21,2024-11-13,P1012,Camera,Electronics,Munich WH,NA,S08,Supplier H,532,612,394,451,878.74,15,Road,931893.74,Wholesale,V2
T01371,2025-07-25,2025-09-08,P1001,Laptop,Electronics,Hamburg WH,N. America,S06,Supplier F,558,638,395,324,944.7,12,Sea,804939.88,Wholesale,V1
T01372,2025-06-29,2025-07-15,P1012,Camera,Electronics,Hamburg WH,North America,S03,Supplier C,366,420,443,494,1354.84,14,Road,784144.74,Retail,V3
T01373,13/05/2025,2025-05-27,P1009,Keyboard,Electronics,BERLIN WH,NA,S06,Supplier F,,461,303,192,1121.74,8,Sea,920401.88,Wholesale,V2
T01374,2025-11-21,19/12/2025,P1008,Monitor,Electronic,Berlin Warehouse,north america,S01,Supplier A,1058,1031,652,229,252.71,21,Sea,412554.74,Wholesale,V2
T01375,2024-01-24,2024-02-23,P1013,Sofa,Furniture,Berlin Warehouse,Europe,S05,Supplier E,25000,761,748,434,671.84,25,Road,884918.97,Retail,V2
T01376,13/09/2025,2025-09-28,P1014,Shelf,Furniture,Berlin Warehouse,North America,S02,Supplier B,718,690,1114,199,501.86,14,Road,619334.13,Wholesale,V1
T01377,2024-11-06,29/06/2024,P1013,Sofa,Furniture,Berlin Warehouse,Europe,S07,Supplier G,429,461,729,431,942.51,15,Road,495080.47,Wholesale,V2
T01378,2025-06-01,13/02/2025,P1011,Router,Electronics,BERLIN WH,north america,S02,Supplier B,460,494,596,490,668.68,30,Road,424103.17,Wholesale,V1
T01379,2025-02-17,22/03/2025,P1008,Monitor,Electronics,Berlin Warehouse,N. America,S08,Supplier H,563,560,477,296,316.23,28,Sea,234414.68,Wholesale,V1
T01380,29/06/2025,2025-07-21,P1014,Shelf,Furniture,Berlin WH,Europe,S06,Supplier F,355,414,738,387,128.4,22,Road,88699.95,Wholesale,V2
T01381,2025-02-24,2025-05-03,P1004,Headphones,Electronics,Munich WH,north america,S01,Supplier A,649,598,904,466,1010.69,9,Road,866635.16,Retail,V3
T01382,2025-07-08,2025-08-26,P1012,Camera,Electronics,Berlin Warehouse,N. America,S07,Supplier G,50000,657,727,161,1171.26,12,Road,1115993.87,Wholesale,V3
T01383,2024-04-03,2024-05-11,P1006,Desk,Furniture,Hamburg WH,north america,S01,Supplier A,357,338,484,457,1045.35,30,Road,604077.38,Retail,V1
T01384,13/04/2025,2025-05-01,P1006,Desk,Furniture,BERLIN WH,N. America,S04,Supplier D,657,642,527,239,1326.6,17,Sea,1251512.8,Retail,V1
T01385,2024-07-30,16/08/2024,P1010,Mouse,Electronics,Munich WH,Europe,S08,Supplier H,898,817,849,385,1447.74,9,Air,1361991.64,Retail,V2
T01386,2025-05-27,27/06/2025,P1011,Router,Electronics,Berlin Warehouse,N. America,S02,Supplier B,772,778,850,459,158.61,28,Sea,202085.24,Retail,V1
T01387,2024-02-03,24/02/2024,P1011,Router,Electronics,Berlin WH,Europe,S07,Supplier G,368,399,974,416,1260.01,17,Sea,578482.41,Retail,V3
T01388,2025-09-13,2025-09-28,P1011,Router,Electronics,BERLIN WH,Europe,S01,Supplier A,683,659,833,374,1405.27,17,Road,1458273.85,Retail,V2
T01389,13/02/2025,2025-03-11,P1012,Camera,Electronics,Berlin WH,N. America,S08,Supplier H,660,704,507,369,430.34,27,Sea,544623.47,Retail,V3
T01390,2024-06-22,2024-07-04,P1006,Desk,Furniture,Berlin Warehouse,Europe,S07,Supplier G,553,588,1020,486,92.76,12,Air,61182.92,Wholesale,V1
T01391,2024-12-03,2025-01-07,P1011,Router,Electronics,Berlin Warehouse,NA,S02,,1101,1085,780,384,1264.36,30,Sea,1541112.54,Wholesale,V3
T01392,2025-03-31,22/04/2025,P1006,Desk,Furniture,Munich WH,North America,S08,Supplier H,336,344,535,282,127.12,20,Air,77308.65,Retail,V3
T01393,2024-10-22,2024-11-14,P1001,Laptop,Electronics,BERLIN WH,NA,S04,Supplier D,542,531,689,339,1397.63,20,Road,819134.48,Retail,V3
T01394,2025-11-10,2025-11-05,P1005,Printer,Electronics,Berlin Warehouse,N. America,S08,Supplier H,468,547,761,375,162.27,23,Air,124017.91,Wholesale,V2
T01395,20/09/2024,20/10/2024,P1011,Router,Electronics,Munich WH,NA,S04,Supplier D,715,708,884,164,228.87,29,Air,178333.51,Retail,V2
T01396,2025-01-07,2025-01-28,P1012,Camera,Electronics,BERLIN WH,N. America,S07,Supplier G,515,584,756,394,1004.6,21,Road,677675.01,Wholesale,V3
T01397,2025-01-18,2025-01-31,P1007,Chair,Furniture,Hamburg WH,N. America,S08,Supplier H,397,363,787,481,465.82,7,Sea,240851.14,Wholesale,V1
T01398,2025-11-15,2025-11-27,P1002,Phone,Electronics,Berlin Warehouse,N. America,S06,Supplier F,-832,759,788,265,467.91,11,Sea,555324.09,Retail,V3
T01399,20/07/2024,2024-08-17,P1006,Desk,Furniture,Berlin WH,north america,S08,Supplier H,474,557,481,385,649.53,20,Air,460572.4,Retail,V2
T01400,2025-11-11,2025-11-19,P1001,Laptop,Electronics,Munich WH,North America,S07,Supplier G,,798,920,470,1339.89,5,Sea,1323184.41,Retail,V1
T01401,2025-02-04,2025-04-12,P1010,Mouse,Electronics,Berlin Warehouse,N. America,S04,Supplier D,390,408,752,275,1075.72,10,Road,685374.86,Wholesale,V1
T01402,2024-02-11,2024-02-20,P1010,Mouse,Electronics,Berlin Warehouse,North America,S05,Supplier E,,327,906,432,172.36,10,Air,90365.65,Wholesale,V1
T01403,31/07/2024,2024-09-02,P1004,Headphones,Electronics,Hamburg WH,Europe,S04,Supplier D,651,724,708,449,500.17,26,Air,483054.35,Retail,V2
T01404,2025-10-11,2025-10-21,P1002,Phone,Electronics,Berlin WH,Europe,S04,Supplier D,-506,503,705,394,694.14,5,Air,391601.41,Retail,V3
T01405,2025-08-26,13/09/2025,P1004,Headphones,Electronics,Munich WH,Europe,S08,Supplier H,653,698,870,303,1387.84,20,Air,1082123.05,Wholesale,V3
T01406,2024-07-18,2024-08-01,P1010,Mouse,Electronics,Munich WH,NA,S08,Supplier H,25000,659,1252,150,654.75,10,Sea,671635.6,Retail,V2
T01407,2025-03-06,16/06/2025,P1008,Monitor,Electronic,Munich WH,N. America,S05,Supplier E,331,407,482,480,202.12,11,Sea,147287.09,Wholesale,V3
T01408,2025-07-28,2025-08-12,P1009,Keyboard,Electronics,Berlin Warehouse,Europe,S05,Supplier E,348,413,613,470,1084.8,16,Air,760830.77,Wholesale,V3
T01409,2025-04-26,2025-04-05,P1008,Monitor,Electronics,BERLIN WH,North America,S03,Supplier C,428,480,470,241,783.6,4,Sea,480483.07,Wholesale,V3
T01410,2025-12-04,29/12/2025,P1009,Keyboard,Electronics,Berlin Warehouse,N. America,S03,,635,667,922,249,629.54,26,Sea,675752.51,Wholesale,V2
T01411,27/06/2025,15/07/2025,P1008,Monitor,Electronics,Berlin Warehouse,north america,S02,Supplier B,748,636,661,500,517.2,11,Road,490937.2,Retail,V2
T01412,2024-09-06,2024-07-08,P1004,Headphones,Electronics,Munich WH,N. America,S07,Supplier G,388,338,601,237,254.26,29,Sea,121945.47,Wholesale,V3
T01413,2025-09-01,2025-09-12,P1013,Sofa,Furniture,Hamburg WH,NA,S07,Supplier G,848,890,919,287,1306.27,9,Sea,1741339.98,Retail,V2
T01414,2024-07-12,2024-12-25,P1012,Camera,Electronics,Hamburg WH,north america,S06,Supplier F,800,812,674,311,1234.69,16,Sea,1534108.64,Wholesale,V1
T01415,17/02/2025,2025-03-11,P1001,Laptop,Electronics,Hamburg WH,NA,S07,Supplier G,421,497,1019,331,40.19,22,Air,26211.52,Retail,V1
T01416,2025-08-11,2025-12-09,P1012,Camera,Electronics,Berlin WH,NA,S05,Supplier E,933,1017,867,300,753.57,28,Sea,1068934.94,Wholesale,V2
T01417,2025-07-25,2025-08-21,P1009,Keyboard,Electronics,Hamburg WH,NA,S04,Supplier D,280,328,580,260,311.1,21,Air,116197.19,Retail,V1
T01418,2024-06-13,28/06/2024,P1006,Desk,Furniture,Hamburg WH,Europe,S08,Supplier H,382,322,955,453,306.7,17,Air,132540.33,Wholesale,V3
T01419,23/08/2025,2025-09-03,P1007,Chair,Furniture,BERLIN WH,NA,S01,Supplier A,1034,975,1166,201,592.83,3,Road,897680.5,Wholesale,V2
T01420,2024-10-18,2024-11-16,P1002,Phone,Electronics,BERLIN WH,Europe,S08,Supplier H,876,759,234,218,174.9,30,Air,222468.05,Retail,V3
T01421,2024-02-11,2024-11-11,P1010,Mouse,Electronics,Berlin Warehouse,NA,S04,Supplier D,780,842,373,437,612.23,4,Road,621353.48,Wholesale,V3
T01422,2025-06-27,2025-02-07,P1014,Shelf,Furniture,BERLIN WH,NA,S05,Supplier E,654,670,704,161,746.11,6,Sea,846888.57,Retail,V1
T01423,2024-11-24,2024-10-12,P1008,Monitor,Electronics,Berlin Warehouse,NA,S04,Supplier D,-802,889,1169,385,1329.69,13,Sea,1777768.66,Retail,V1
T01424,2024-05-02,21/05/2024,P1011,Router,Electronics,Berlin WH,north america,S07,Supplier G,463,413,,368,85.34,14,Air,63246.66,Wholesale,V1
T01425,2025-08-02,2025-09-03,P1007,Chair,Furniture,Munich WH,Europe,S01,Supplier A,703,734,609,408,748.48,29,Sea,942993.69,Wholesale,V3
T01426,2024-03-09,19/03/2024,P1012,Camera,Electronics,Berlin WH,north america,S02,Supplier B,,622,107,439,23.47,4,Air,18559.74,Retail,V3
T01427,2025-04-24,2025-05-28,P1010,Mouse,Electronics,Hamburg WH,NA,S04,Supplier D,345,409,790,187,628.22,26,Sea,399155.75,Wholesale,V3
T01428,2024-06-04,19/06/2024,P1011,Router,Electronics,Munich WH,NA,S06,Supplier F,330,397,840,187,1411.79,7,Sea,718797.61,Wholesale,V1
T01429,15/02/2025,2025-12-03,P1010,Mouse,Electronics,Berlin WH,North America,S05,Supplier E,481,427,824,153,1158.49,21,Air,750771.61,Wholesale,V2
T01430,2024-06-03,2024-06-29,P1005,Printer,Electronics,Munich WH,Europe,S04,Supplier D,298,352,489,449,774.44,23,Road,411543.83,Retail,V3
T01431,29/12/2024,2025-01-24,P1015,Lamp,Home,Berlin Warehouse,NA,S03,Supplier C,806,853,148,246,968.69,26,Air,1430214.48,Retail,V1
T01432,2025-06-30,2025-07-22,P1010,Mouse,Electronics,Berlin WH,NA,S01,Supplier A,387,453,425,215,944.92,19,Sea,689248.12,Retail,V3
T01433,2024-08-01,2024-08-18,P1004,Headphones,Electronics,Berlin Warehouse,N. America,S05,Supplier E,803,681,777,233,113.63,15,Sea,117783.94,Retail,V1
T01434,26/03/2025,2025-04-12,P1002,Phone,Electronics,Hamburg WH,North America,S07,Supplier G,842,744,789,163,242.46,16,Sea,203302.34,Wholesale,V2
T01435,22/07/2024,18/08/2024,P1004,Headphones,Electronics,Berlin WH,N. America,S07,Supplier G,388,456,885,452,713.32,28,Road,494030.67,Retail,V1
T01436,2024-08-02,2024-08-18,P1002,Phone,Electronics,Hamburg WH,N. America,S08,Supplier H,799,690,585,459,1474.33,13,Air,1572658.92,Retail,V3
T01437,2025-01-03,2025-01-13,P1008,Monitor,Electronics,Berlin WH,North America,S05,Supplier E,413,354,714,410,1141.05,5,Sea,651216.14,Wholesale,V2
T01438,2024-04-12,2024-05-09,P1006,Desk,Furniture,Hamburg WH,NA,S06,Supplier F,,389,860,308,1038.67,28,Air,506591.04,Retail,V3
T01439,2025-10-21,2025-10-25,P1013,Sofa,Furniture,BERLIN WH,North America,S07,Supplier G,749,673,621,391,690.83,2,Air,769239.67,Retail,V1
T01440,2025-08-01,2025-08-07,P1001,Laptop,Electronics,Hamburg WH,North America,S03,Supplier C,672,754,946,415,425.54,6,Air,423656.2,Retail,V3
T01441,2025-07-11,2025-11-22,P1005,Printer,Electronics,Hamburg WH,N. America,S06,,758,858,553,466,693.89,15,Air,1033485.03,Retail,V3
T01442,2025-11-15,2025-12-12,P1003,Tablet,Electronics,Berlin WH,Europe,S06,Supplier F,1006,936,562,206,161.72,27,Air,264261.71,Wholesale,V2
T01443,2025-10-02,2025-10-12,P1006,Desk,Furniture,Berlin WH,NA,S05,Supplier E,293,266,944,468,400.9,12,Air,169072.17,Wholesale,V1
T01444,2024-05-27,2024-06-19,P1015,Lamp,Home,Munich WH,north america,S07,Supplier G,664,748,503,173,1022.07,19,Air,1254228.1,Retail,V1
T01445,2024-01-16,2024-01-30,P1006,Desk,Furniture,Berlin WH,Europe,S04,Supplier D,764,778,567,197,1343.26,15,Sea,1513772.83,Wholesale,V3
T01446,2025-03-26,2025-04-17,P1003,Tablet,Electrnics,BERLIN WH,N. America,S01,Supplier A,528,548,814,309,360.53,17,Sea,273488.36,Wholesale,V3
T01447,2025-11-15,2025-12-09,P1012,Camera,Electronics,Berlin Warehouse,N. America,S02,Supplier B,845,837,854,394,1213.02,17,Air,1368046.93,Retail,V1
T01448,18/08/2024,15/09/2024,P1011,Router,Electronics,BERLIN WH,north america,S02,Supplier B,,546,879,198,1195.69,24,Air,763359.35,Retail,V1
T01449,2024-09-13,2024-10-12,P1003,Tablet,Electronics,Munich WH,north america,S05,Supplier E,733,782,588,318,1460.11,24,Road,2039053.22,Wholesale,V1
T01450,2024-12-01,2024-12-14,P1007,Chair,Furniture,Berlin WH,Europe,S06,Supplier F,712,848,1151,488,1067.13,6,Road,1015166.56,Retail,V1
T01451,2024-07-05,2024-07-09,P1001,Laptop,Electronics,Berlin Warehouse,Europe,S03,Supplier C,,482,658,474,1045.89,3,Sea,837321.5,Retail,V3
T01452,2025-07-05,2025-05-06,P1008,Monitor,Electronics,Hamburg WH,Europe,S06, Supplier A ,269,301,441,246,731.36,22,Air,327188.75,Wholesale,V3
T01453,2024-09-26,23/10/2024,P1009,Keyboard,Electronics,Munich WH,NA,S08,Supplier H,633,537,883,210,271.24,25,Sea,258678.61,Retail,V2
T01454,2024-12-15,2025-08-01,P1013,Sofa,Electrnics,Berlin WH,NA,S08,Supplier H,838,898,614,431,684.7,16,Road,921962.08,Wholesale,V1
T01455,2025-01-09,2025-01-14,P1007,Chair,Furniture,Berlin Warehouse,Europe,S01,Supplier A,286,262,325,428,1035.1,6,Air,456501.82,Retail,V3
T01456,30/12/2025,15/01/2026,P1005,Printer,Electronics,Hamburg WH,north america,S03,Supplier C,1007,974,343,327,567.21,11,Air,795678.8,Retail,V2
T01457,2025-06-07,2025-06-14,P1004,Headphones,Electronics,Berlin Warehouse,NA,S03,Supplier C,355,401,593,498,176.16,9,Road,111480.68,Retail,V3
T01458,27/06/2025,16/07/2025,P1009,Keyboard,Electronics,Berlin Warehouse,north america,S01,Supplier A,597,547,735,422,97.03,13,Air,91235.12,Wholesale,V1
T01459,2024-04-12,2024-05-11,P1011,Router,Electronics,Berlin Warehouse,N. America,S03,Supplier C,495,479,974,475,1464.6,22,Road,1033101.97,Wholesale,V1
T01460,2024-10-12,2024-01-11,P1001,Laptop,Electronics,Hamburg WH,Europe,S07,Supplier G,484,469,365,301,1228.02,14,Sea,1031962.25,Wholesale,V1
T01461,2024-11-03,2024-03-12,P1001,Laptop,Electronics,BERLIN WH,N. America,S02,Supplier B,938,838,668,278,914.48,24,Road,949472.8,Retail,V1
T01462,24/02/2025,2025-03-24,P1003,Tablet,Electronics,Berlin Warehouse,Europe,S03,Supplier C,780,704,690,396,759.44,28,Air,702337.49,Wholesale,V2
T01463,2025-08-28,2025-09-02,P1004,Headphones,Electronics,BERLIN WH,N. America,S04,,556,509,533,329,378.43,4,Sea,235035.41,Retail,V3
T01464,2025-08-22,2025-09-07,P1011,Router,Electronics,BERLIN WH,NA,S03,,503,479,765,255,194.55,16,Air,145231.92,Retail,V3
T01465,2024-11-14,2024-12-10,P1009,Keyboard,Electronics,Berlin Warehouse,Europe,S02,Supplier B,951,856,826,471,920.69,21,Sea,1402547.94,Retail,V3
T01466,2025-09-16,19/10/2025,P1008,Monitor,Electronics,BERLIN WH,North America,S03,Supplier C,723,877,441,186,606.45,30,Sea,943871.3,Wholesale,V1
T01467,2025-03-10,15/10/2025,P1008,Monitor,Electronics,BERLIN WH,N. America,S07,,240,283,782,449,1061.22,7,Road,465924.38,Retail,V1
T01468,2025-09-09,16/10/2025,P1010,Mouse,Electronics,Hamburg WH,Europe,S06,Supplier F,613,759,665,273,469.51,29,Sea,621755.29,Retail,V3
T01469,17/04/2024,2024-05-19,P1014,Shelf,Furniture,Munich WH,NA,S05,Supplier E,-367,363,494,291,1239.23,30,Sea,527304.25,Wholesale,V2
T01470,26/03/2024,2024-04-11,P1001,Laptop,Electronics,Hamburg WH,N. America,S02,Supplier B,541,568,484,398,615.4,9,Road,576159.72,Wholesale,V3
T01471,29/09/2024,27/10/2024,P1002,Phone,Electronics,Hamburg WH,north america,S08,Supplier H,593,624,45,437,557.52,21,Road,395410.44,Wholesale,V1
T01472,2025-09-08,2025-12-09,P1002,Phone,Electronics,Berlin Warehouse,NA,S02,Supplier B,547,624,1157,444,1227.73,5,Road,1273105.1,Wholesale,V2
T01473,2024-10-02,2024-03-07,P1006,Desk,Furniture,Berlin WH,Europe,S08,Supplier H,287,272,667,385,446.47,20,Road,153646.36,Wholesale,V3
T01474,2024-01-27,21/02/2024,P1004,Headphones,Electronics,Berlin WH,NA,S03,Supplier C,524,447,551,162,789.84,22,Sea,478525.81,Retail,V3
T01475,2025-12-04,2025-05-18,P1014,Shelf,Furniture,BERLIN WH,NA,S05,Supplier E,436,467,,333,326.78,28,Air,208224.8,Wholesale,V2
T01476,18/02/2024,28/02/2024,P1006,Desk,Furniture,Berlin Warehouse,north america,S08,Supplier H,582,636,405,475,874.26,10,Road,637278.88,Wholesale,V3
T01477,2025-02-14,2025-03-20,P1013,Sofa,Furniture,Berlin WH,NA,S06,Supplier F,533,454,382,238,578.33,29,Sea,410870.36,Retail,V2
T01478,2024-09-11,26/11/2024,P1002,Phone,Electronics,Munich WH,Europe,S02,Supplier B,685,832,607,477,472.01,14,Road,475324.35,Retail,V2
T01479,2024-07-26,2024-12-08,P1005,Printer,Electronics,BERLIN WH,N. America,S08,Supplier H,453,563,534,329,845.56,12,Air,650105.2,Wholesale,V1
T01480,24/04/2024,26/05/2024,P1004,Headphones,Electronics,Munich WH,NA,S05,Supplier E,,843,774,409,456.76,24,Road,621230.34,Retail,V2
T01481,2025-09-25,2025-09-28,P1012,Camera,Electronics,Munich WH,Europe,S02,Supplier B,562,670,773,251,1348.74,4,Sea,1215350.93,Retail,V3
T01482,2024-12-14,2024-12-24,P1009,Keyboard,Electronics,Berlin WH,NA,S06,Supplier F,,652,888,353,892.21,6,Road,853732.81,Retail,V2
T01483,18/08/2024,2024-06-09,P1008,Monitor,Electronics,BERLIN WH,North America,S01,Supplier A,751,672,348,275,893.83,19,Sea,701468.77,Retail,V3
T01484,2024-08-12,2024-09-04,P1004,Headphones,Electronics,Berlin Warehouse,North America,S04,Supplier D,1025,918,807,375,951.09,22,Sea,1053710.84,Retail,V1
T01485,2025-09-18,13/10/2025,P1008,Monitor,Electronics,Munich WH,N. America,S08,Supplier H,663,819,995,362,629.39,19,Sea,687155.65,Retail,V3
T01486,2025-08-17,2025-09-13,P1007,Chair,Furniture,BERLIN WH,Europe,S07,Supplier G,587,567,864,283,1371.54,24,Sea,1289724.57,Wholesale,V1
T01487,2024-11-23,2024-12-17,P1009,Keyboard,Electronics,BERLIN WH,N. America,S06,Supplier F,925,1027,635,189,1471.92,24,Road,2312231.27,Retail,V1
T01488,2025-06-03,2025-06-14,P1012,Camera,Electronics,Munich WH,N. America,S08,,459,568,525,424,1228.98,12,Road,774682.79,Wholesale,V3
T01489,2025-12-19,2026-05-01,P1011,Router,Electronics,Berlin WH,Europe,S04,Supplier D,786,753,1056,388,1050.13,10,Road,1059390.77,Wholesale,V2
T01490,2025-08-28,2025-09-05,P1007,Chair,Furniture,Hamburg WH,north america,S02,Supplier B,844,770,1335,237,774.41,2,Road,832257.1,Retail,V2
T01491,2025-05-03,2025-05-29,P1014,Shelf,Furniture,Berlin WH,NA,S03,Supplier C,427,458,681,182,1464.51,23,Road,1147973.62,Wholesale,V3
T01492,29/01/2024,2024-02-22,P1012,Camera,Electronics,Hamburg WH,N. America,S08,Supplier H,691,607,264,370,673.09,24,Road,454558.07,Wholesale,V2
T01493,2025-05-07,2025-07-21,P1012,Camera,Electronics,Munich WH,Europe,S05,Supplier E,596,502,499,319,1045.95,9,Air,603638.61,Wholesale,V1
T01494,2025-09-16,2025-09-20,P1001,Laptop,Electronics,Munich WH,North America,S06,Supplier F,874,769,,450,934.19,5,Road,1114295.29,Wholesale,V3
T01495,2024-06-14,2024-07-05,P1012,Camera,Electronics,Berlin Warehouse,North America,S04,Supplier D,451,417,905,277,337.98,21,Road,159010.25,Wholesale,V3
T01496,2024-05-02,23/05/2024,P1006,Desk,Furniture,Hamburg WH,Europe,S02,Supplier B,407,436,577,198,639.31,14,Sea,405837.87,Wholesale,V1
T01497,2024-12-17,2024-12-30,P1003,Tablet,Electronics,Hamburg WH,NA,S02,Supplier B,559,689,-20,309,915.55,13,Sea,868644.3,Retail,V1
T01498,23/09/2024,2024-10-14,P1007,Chair,Furniture,Berlin WH,NA,S04,Supplier D,865,788,598,266,1289.49,13,Sea,1469802.62,Retail,V3
T01499,2024-09-20,2024-10-01,P1001,Laptop,Electronics,BERLIN WH,North America,S01,Supplier A,659,747,513,435,673.02,3,Air,575895.75,Retail,V3
T01500,2024-01-13,2024-01-22,P1001,Laptop,Electronics,Munich WH,north america,S06,Supplier F,-560,483,730,346,1299.06,11,Sea,894240.99,Retail,V1
T01501,2024-07-12,2024-08-01,P1011,Router,Electronics,BERLIN WH,North America,S08,Supplier H,652,582,1050,243,659.07,19,Road,632930.21,Retail,V3
T01502,2025-01-18,2025-02-11,P1010,Mouse,electronics,Munich WH,N. America,S03,Supplier C,579,583,685,375,704.68,24,Sea,677682.18,Retail,V3
T01503,2024-02-09,2024-02-19,P1015,Lamp,Home,BERLIN WH,N. America,S02, Supplier A ,458,526,1022,309,712.28,11,Road,666013.35,Retail,V1
T01504,2025-05-24,2025-06-10,P1004,Headphones,Electronics,Munich WH,Europe,S03,Supplier C,477,587,848,463,712.43,12,Sea,649306.3,Retail,V3
T01505,21/07/2025,2025-08-03,P1002,Phone,Electronics,Berlin Warehouse,Europe,S06,Supplier F,456,519,989,276,489.54,13,Air,329619.52,Wholesale,V1
T01506,2025-01-01,2025-01-02,P1001,Laptop,Electronics,Berlin WH,north america,S08,Supplier H,363,421,711,487,1222.79,24,Air,614058.72,Wholesale,V3
T01507,2025-07-30,22/08/2025,P1010,Mouse,Electronics,BERLIN WH,NA,S07,Supplier G,470,467,314,429,1150.14,22,Air,759015.31,Wholesale,V1
T01508,2024-10-26,2024-11-14,P1011,Router,Electronics,Berlin WH,Europe,S07,Supplier G,475,562,1016,356,251.37,15,Air,198614.74,Wholesale,V1
T01509,25/11/2024,2024-12-11,P1009,Keyboard,Electronics,Hamburg WH,NA,S08,Supplier H,,1076,544,462,594.44,14,Road,780034.06,Retail,V3
T01510,2024-02-12,2024-03-20,P1004,Headphones,Electronics,Munich WH,north america,S02,Supplier B,531,548,336,307,782.09,30,Air,522648.74,Wholesale,V3
T01511,19/02/2024,2024-05-03,P1009,Keyboard,Electronics,Berlin Warehouse,NA,S01,Supplier A,550,609,805,174,747.44,11,Road,811545.91,Retail,V3
T01512,2025-03-20,2025-04-10,P1012,Camera,Electronics,Berlin WH,N. America,S03,Supplier C,515,616,274,410,916.9,13,Air,656728.91,Wholesale,V1
T01513,2024-08-14,2024-09-08,P1012,Camera,Electronics,Hamburg WH,N. America,S06,Supplier F,,781,940,187,685.87,24,Road,911091,Retail,V1
T01514,2025-01-25,28/01/2025,P1004,Headphones,Electronics,BERLIN WH,N. America,S02,Supplier B,585,499,850,298,883.33,2,Sea,650976.75,Retail,V2
T01515,15/02/2025,2025-03-09,P1001,Laptop,Electronics,Munich WH,NA,S03,Supplier C,262,327,643,222,377.43,21,Sea,179798.46,Wholesale,V1
T01516,2025-10-31,2025-11-22,P1012,Camera,Electronics,Hamburg WH,Europe,S05,Supplier E,-464,390,167,359,538.4,24,Sea,297436.9,Wholesale,V1
T01517,2025-05-14,2025-11-06,P1005,Printer,Electronics,Berlin WH,Europe,S01,Supplier A,600,544,1063,470,241.8,24,Air,197345.65,Retail,V1
T01518,2025-10-14,2025-11-18,P1002,Phone,Electronics,Berlin WH,N. America,S02,Supplier B,322,401,513,231,212.9,30,Road,112392.37,Wholesale,V1
T01519,2024-09-19,2024-10-10,P1011,Router,Electronics,BERLIN WH,north america,S07,Supplier G,534,608,601,295,889.8,19,Sea,619351.45,Retail,V1
T01520,2025-02-08,2025-03-04,P1014,Shelf,Furniture,Berlin Warehouse,N. America,S04,Supplier D,373,462,301,194,968.25,19,Road,621678.17,Retail,V2
T01521,2025-05-05,2025-05-12,P1002,Phone,electronics,Berlin Warehouse,North America,S02,Supplier B,421,397,532,267,636,3,Road,309494.97,Retail,V1
T01522,22/03/2025,2025-04-16,P1010,Mouse,Electronics,Hamburg WH,north america,S06,Supplier F,656,574,1152,374,193.86,25,Air,183601.09,Retail,V1
T01523,21/11/2024,2024-12-05,P1001,Laptop,Electronic,Berlin Warehouse,NA,S01,Supplier A,873,810,784,228,673.49,12,Sea,960939.82,Retail,V3
T01524,2024-02-27,2024-03-15,P1007,Chair,Furniture,Berlin WH,N. America,S07,Supplier G,,545,463,228,1436.09,11,Air,1041718.75,Retail,V2
T01525,2025-11-04,2025-08-12,P1012,Camera,Electronics,Berlin WH,N. America,S08,Supplier H,1197,999,542,162,393.94,29,Road,553225.02,Wholesale,V3
T01526,13/06/2024,2024-06-26,P1003,Tablet,Electronics,Berlin WH,Europe,S06,Supplier F,221,275,746,179,345.79,5,Road,123368.48,Retail,V3
T01527,22/06/2024,25/06/2024,P1012,Camera,Electronics,Berlin WH,N. America,S06, Supplier A ,,349,646,339,1063.27,3,Air,430320.76,Wholesale,V1
T01528,2025-07-30,2025-05-08,P1001,Laptop,Electronics,Berlin WH,north america,S07,Supplier G,776,657,1021,440,24.47,5,Road,20474.64,Retail,V1
T01529,2025-10-26,2025-11-21,P1014,Shelf,Furniture,BERLIN WH,north america,S08,Supplier H,511,612,894,442,780.54,22,Sea,602897.02,Wholesale,V3
T01530,2024-08-31,13/09/2024,P1011,Router,Electronics,Hamburg WH,Europe,S08,Supplier H,646,757,577,463,713.6,10,Air,949125.54,Wholesale,V3
T01531,2025-03-01,2025-01-25,P1004,Headphones,Electronics,Hamburg WH,NA,S03,Supplier C,434,501,735,296,487.84,22,Air,341473.19,Wholesale,V3
T01532,2024-01-22,2024-01-30,P1007,Chair,Furniture,Hamburg WH,north america,S05,Supplier E,435,366,458,223,246.98,3,Air,145836.41,Wholesale,V1
T01533,2025-10-03,22/10/2025,P1006,Desk,Furniture,Hamburg WH,Europe,S04,Supplier D,411,471,816,357,984.49,15,Sea,741364.96,Wholesale,V2
T01534,2025-07-01,2025-01-21,P1006,Desk,Furniture,Munich WH,N. America,S06,Supplier F,328,365,990,490,1434.76,14,Air,914520.36,Retail,V3
T01535,2024-07-14,2024-08-17,P1010,Mouse,Electronics,BERLIN WH,Europe,S04,Supplier D,629,642,663,487,648.1,27,Road,503346.39,Wholesale,V2
T01536,2025-10-21,2025-11-01,P1005,Printer,Electronics,Berlin WH,north america,S04,Supplier D,521,645,101,351,677.29,6,Road,719473.2,Wholesale,V2
T01537,30/09/2025,2025-11-10,P1007,Chair,Furniture,Munich WH,N. America,S01,Supplier A,963,828,1057,252,46.69,8,Road,57599.81,Wholesale,V3
T01538,18/03/2025,2025-04-12,P1003,Tablet,Electronics,Hamburg WH,north america,S08,Supplier H,488,525,1064,162,221.65,24,Road,200300.55,Retail,V2
T01539,27/11/2025,2025-12-18,P1010,Mouse,Electronics,Berlin Warehouse,N. America,S03,Supplier C,1060,1025,679,478,1017.8,14,Sea,1734898.5,Wholesale,V2
T01540,2024-09-08,2024-09-27,P1014,Shelf,Furniture,Munich WH,north america,S03,Supplier C,575,572,1115,399,1208.51,12,Road,941199.16,Retail,V3
T01541,2024-09-04,2024-04-09,P1013,Sofa,Furniture,Berlin WH,NA,S02,Supplier B,469,403,644,193,154.73,2,Air,96885.71,Wholesale,V2
T01542,26/07/2024,2024-08-05,P1012,Camera,Electronics,BERLIN WH,north america,S03,Supplier C,314,293,305,259,119.3,11,Sea,52977.44,Wholesale,V2
T01543,2024-12-12,2024-12-22,P1012,Camera,Electronics,Munich WH,N. America,S03,Supplier C,-844,973,827,298,1348.18,11,Air,2045460.18,Retail,V2
T01544,2024-01-05,26/05/2024,P1009,Keyboard,Electronics,Hamburg WH,NA,S07,Supplier G,503,495,959,231,1380.18,19,Road,1181873.88,Retail,V1
T01545,2025-10-11,2025-12-04,P1003,Tablet,Electronics,Berlin Warehouse,Europe,S08,Supplier H,664,694,601,199,593.89,26,Sea,536140.09,Wholesale,V2
T01546,23/06/2024,2024-07-20,P1013,Sofa,Furniture,Hamburg WH,north america,S01,Supplier A,479,579,-20,450,1022.86,24,Road,723104.71,Retail,V2
T01547,2024-01-21,28/01/2024,P1008,Monitor,Electronics,Berlin WH,N. America,S06,Supplier F,398,439,655,323,1157.26,4,Air,873575.31,Wholesale,V3
T01548,2025-02-07,2025-03-14,P1015,Lamp,Home,Berlin Warehouse,NA,S03,Supplier C,470,476,323,206,1312.89,27,Sea,1021119.42,Retail,V2
T01549,2025-09-09,2025-07-10,P1013,Sofa,Furniture,Hamburg WH,N. America,S08,Supplier H,1078,947,739,158,34.12,21,Sea,44655.43,Wholesale,V1
T01550,2025-06-09,2025-06-21,P1005,Printer,Electronics,Berlin WH,N. America,S01,Supplier A,,528,801,400,803.87,12,Road,570213.79,Wholesale,V2
T01551,2025-04-04,2025-04-22,P1007,Chair,Furniture,Hamburg WH,North America,S06,Supplier F,731,756,770,170,1076.95,10,Sea,1386426.76,Retail,V1
T01552,2025-10-01,2025-10-16,P1001,Laptop,Electronics,Hamburg WH,Europe,S01,Supplier A,461,479,402,304,1037.45,14,Sea,633550.55,Retail,V3
T01553,19/11/2025,2025-12-08,P1005,Printer,Electronics,Hamburg WH,Europe,S07,Supplier G,971,1004,781,321,1368.3,13,Road,2466217.73,Wholesale,V1
T01554,2024-12-20,2025-01-02,P1012,Camera,Electronics,BERLIN WH,NA,S05,Supplier E,1026,870,607,432,1438.32,8,Air,1462057.65,Wholesale,V3
T01555,2024-03-27,2024-04-25,P1013,Sofa,Furniture,Berlin WH,N. America,S06,,520,644,702,410,914.64,30,Air,762154.03,Retail,V1
T01556,2024-06-30,2024-07-21,P1006,Desk,Furniture,Berlin WH,North America,S02,Supplier B,482,449,876,228,1017.85,20,Air,573574.17,Retail,V3
T01557,2024-12-15,2025-12-01,P1014,Shelf,Furniture,Hamburg WH,NA,S02,Supplier B,814,889,586,229,1217.29,20,Road,1796679.42,Retail,V3
T01558,2024-05-04,2024-05-28,P1001,Laptop,Electronics,Berlin Warehouse,North America,S03,Supplier C,801,769,473,252,1244.19,25,Road,1337104.62,Retail,V1
T01559,2025-03-19,21/03/2025,P1013,Sofa,Furniture,Hamburg WH,NA,S04,,391,386,473,257,684.74,3,Road,372170.32,Retail,V2
T01560,2024-07-21,2024-08-14,P1012,Camera,Electronics,Hamburg WH,NA,S08,,-470,531,,459,311.49,24,Road,229730.81,Retail,V2
T01561,2024-07-08,2024-07-16,P1009,Keyboard,Electronics,BERLIN WH,N. America,S01,Supplier A,523,552,341,190,684.39,7,Road,557615.12,Retail,V3
T01562,2024-05-06,2024-05-16,P1012,Camera,Electronics,Berlin Warehouse,N. America,S02,Supplier B,510,443,598,246,661.91,7,Sea,407134.37,Wholesale,V3
T01563,2025-02-26,2025-03-15,P1009,Keyboard,Electronics,BERLIN WH,N. America,S05,Supplier E,509,499,564,261,847.08,15,Road,674162.16,Retail,V3
T01564,2025-11-30,2025-12-02,P1005,Printer,Electronics,Berlin WH,Europe,S05,Supplier E,936,833,519,232,1421.81,4,Sea,1415500.55,Retail,V3
T01565,2025-03-16,2025-04-18,P1002,Phone,Electronics,Berlin WH,NA,S08,Supplier H,25000,320,696,156,501.74,25,Road,192761.5,Wholesale,V3
T01566,2025-11-28,2025-11-12,P1010,Mouse,Electronics,Hamburg WH,NA,S02,Supplier B,801,935,1156,441,33.68,10,Road,52454.54,Wholesale,V2
T01567,2025-05-26,2025-06-15,P1005,Printer,Electronics,Berlin Warehouse,north america,S08,Supplier H,510,546,-20,310,886.52,19,Air,639396.18,Retail,V3
T01568,2024-12-27,2025-01-12,P1007,Chair,Furniture,Hamburg WH,Europe,S08,Supplier H,778,890,669,386,653.47,12,Sea,907742.23,Retail,V1
T01569,2025-01-29,2025-02-28,P1007,Chair,Furniture,Hamburg WH,N. America,S01,Supplier A,938,792,809,221,892.42,27,Sea,1010592.53,Wholesale,V1
T01570,2025-03-20,2025-09-04,P1013,Sofa,Furniture,Berlin Warehouse,North America,S03,Supplier C,665,588,731,227,498.01,20,Air,370745.48,Wholesale,V2
T01571,2024-06-02,2024-09-06,P1005,Printer,Electronics,Hamburg WH,N. America,S06,Supplier F,552,503,268,251,764.76,2,Sea,441397.38,Wholesale,V1
T01572,2024-07-13,2024-07-28,P1008,Monitor,Electronics,Hamburg WH,North America,S08,Supplier H,551,602,855,371,1002.91,15,Sea,844415.95,Retail,V1
T01573,2024-11-27,2024-08-12,P1012,Camera,Electronic,Berlin Warehouse,north america,S08,Supplier H,1305,1132,764,461,753.66,11,Sea,1125530.83,Retail,V2
T01574,2025-05-17,2025-05-27,P1001,Laptop,Electronics,BERLIN WH,north america,S05,Supplier E,,405,877,473,1301.28,7,Sea,846968.97,Retail,V3
T01575,2024-05-12,2024-06-09,P1009,Keyboard,Electronics,Berlin Warehouse,NA,S05,Supplier E,318,338,,324,440.47,25,Road,182117.93,Wholesale,V1
T01576,19/01/2024,2024-01-29,P1008,Monitor,Electronics,BERLIN WH,N. America,S06,Supplier F,388,396,911,363,591.07,9,Sea,418378.17,Wholesale,V2
T01577,2025-07-22,21/08/2025,P1006,Desk,Furniture,BERLIN WH,north america,S06,Supplier F,344,412,652,249,894.32,30,Air,559894.8,Retail,V1
T01578,15/05/2025,2025-02-06,P1010,Mouse,Electronics,Berlin WH,Europe,S08,Supplier H,252,307,222,159,784.49,12,Air,350014.74,Wholesale,V1
T01579,2025-06-25,27/07/2025,P1008,Monitor,Electronics,Berlin WH,Europe,S08,Supplier H,315,350,,458,276.89,30,Sea,171580.33,Retail,V2
T01580,2025-12-29,16/01/2026,P1003,Tablet,Electronics,Berlin Warehouse,North America,S06,Supplier F,791,850,835,180,330.64,17,Sea,405915.55,Wholesale,V3
T01581,2025-05-09,2025-05-26,P1009,Keyboard,Electronics,BERLIN WH,north america,S03,Supplier C,530,613,713,289,1210.08,12,Road,1227179,Retail,V3
T01582,2024-07-11,2024-03-08,P1015,Lamp,Home,Berlin Warehouse,north america,S02,Supplier B,406,468,455,301,396.99,25,Road,238606.65,Wholesale,V1
T01583,2025-01-20,2025-01-31,P1007,Chair,electronics,Berlin Warehouse,NA,S01,,,246,1034,302,207.03,10,Air,90734.99,Retail,V3
T01584,2025-10-21,2025-08-11,P1013,Sofa,Furniture,Berlin Warehouse,Europe,S07,Supplier G,550,588,519,190,231.76,13,Road,231738.49,Wholesale,V3
T01585,2024-06-09,16/06/2024,P1010,Mouse,Electronics,Hamburg WH,NA,S08,Supplier H,644,628,378,310,718.2,5,Air,652673.04,Wholesale,V2
T01586,2024-06-15,2024-06-16,P1010,Mouse,Electronics,Berlin WH,NA,S03,Supplier C,480,450,757,315,1345.8,2,Road,690668.98,Wholesale,V2
T01587,2024-05-25,2024-04-06,P1006,Desk,Furniture,Hamburg WH,NA,S07,Supplier G,537,551,,431,617.25,2,Sea,406723.33,Retail,V2
T01588,2025-09-19,2025-03-10,P1014,Shelf,Furniture,Munich WH,north america,S01,Supplier A,564,570,704,479,1150.15,11,Air,839664.11,Retail,V3
T01589,2025-12-31,2026-01-04,P1003,Tablet,Electronics,Berlin Warehouse,North America,S08,Supplier H,998,929,697,182,1265.21,4,Road,1634240.63,Retail,V3
T01590,28/08/2024,2024-09-08,P1002,Phone,Electronics,Hamburg WH,NA,S06,Supplier F,642,669,620,332,1271.7,12,Air,1142058.31,Wholesale,V2
T01591,2025-07-12,2025-08-12,P1001,Laptop,Electronics,Berlin Warehouse,north america,S07,Supplier G,677,655,940,478,548.72,27,Air,540532.53,Retail,V2
T01592,2024-11-06,18/06/2024,P1002,Phone,Electronics,Munich WH,North America,S05,Supplier E,506,423,639,266,208.23,9,Air,101350.2,Retail,V2
T01593,2024-02-13,2024-02-19,P1001,Laptop,Electronics,Munich WH,NA,S04,Supplier D,482,455,875,269,506.93,6,Sea,316921.58,Wholesale,V3
T01594,17/11/2025,15/12/2025,P1007,Chair,Furniture,Hamburg WH,North America,S01,Supplier A,-771,800,387,411,1086.22,26,Road,1267032.47,Wholesale,V3
T01595,2024-10-03,2024-03-14,P1001,Laptop,Electronics,Berlin Warehouse,north america,S04,Supplier D,957,820,724,451,92.75,3,Sea,114192.76,Retail,V2
T01596,19/12/2025,2026-01-18,P1002,Phone,Electronics,Hamburg WH,N. America,S06,Supplier F,975,848,847,410,48.18,30,Air,65890.25,Retail,V3
T01597,2025-09-29,2025-10-18,P1005,Printer,Electronics,Hamburg WH,N. America,S05,Supplier E,705,723,834,434,86.42,13,Air,108972.99,Wholesale,V2
T01598,2024-07-19,2024-08-01,P1006,Desk,Furniture,BERLIN WH,Europe,S05,Supplier E,475,442,692,351,733.12,5,Air,384647.86,Wholesale,V3
T01599,2025-10-29,2025-04-11,P1011,Router,Electronics,Berlin WH,Europe,S07,Supplier G,730,729,991,254,1229.31,7,Air,1525909.07,Retail,V1
T01600,2025-06-08,2025-08-21,P1012,Camera,Electronics,BERLIN WH,NA,S05,Supplier E,629,613,,495,980.64,8,Sea,808622.54,Retail,V3
T01601,2025-10-03,19/10/2025,P1004,Headphones,Electronics,BERLIN WH,North America,S05,Supplier E,442,466,532,261,337.16,18,Air,237180.83,Retail,V2
T01602,2024-07-30,2024-08-19,P1008,Monitor,Electronics,Munich WH,N. America,S07,Supplier G,408,440,684,317,1219.44,16,Sea,849252.25,Wholesale,V3
T01603,2025-03-09,23/09/2025,P1005,Printer,Electronics,Berlin WH,North America,S04,Supplier D,751,813,968,189,167.5,21,Road,175767.98,Retail,V1
T01604,2024-10-07,2024-10-27,P1015,Lamp,Home,Munich WH,N. America,S01,Supplier A,-398,466,699,305,496.68,16,Air,348338.84,Retail,V2
T01605,2024-08-08,2024-09-05,P1011,Router,Electronics,Berlin WH,NA,S04,Supplier D,873,785,641,366,1138.05,25,Sea,1362123.41,Retail,V2
T01606,2024-02-05,2024-02-13,P1015,Lamp,Home,Hamburg WH,N. America,S02,Supplier B,709,675,1035,304,839.52,6,Air,1014627.61,Retail,V2
T01607,2024-06-27,23/07/2024,P1001,Laptop,Electronics,Hamburg WH,north america,S02,Supplier B,693,604,883,194,339.15,25,Road,237348.16,Wholesale,V2
T01608,2024-01-24,18/02/2024,P1012,Camera,Electronics,Berlin Warehouse,North America,S08,Supplier H,870,769,18,182,676.8,25,Sea,780479.12,Wholesale,V1
T01609,2024-08-02,2024-02-23,P1008,Monitor,Electronics,Berlin WH,north america,S07,Supplier G,452,433,,388,1245.5,15,Air,652689.85,Retail,V2
T01610,2025-12-27,2026-01-25,P1005,Printer,Electronics,Berlin WH,NA,S08,Supplier H,947,1094,1108,253,202.73,27,Air,396118.97,Retail,V3
T01611,2025-03-04,2025-04-13,P1013,Sofa,Furniture,Hamburg WH,north america,S01,Supplier A,291,336,567,482,1008.05,3,Road,517070.71,Wholesale,V1
T01612,2024-02-18,13/03/2024,P1005,Printer,Electronics,Hamburg WH,Europe,S06,Supplier F,481,416,760,195,596.11,21,Road,327176.86,Retail,V2
T01613,2025-11-05,2025-11-24,P1015,Lamp,Home,BERLIN WH,NA,S06,Supplier F,715,625,504,432,1395.31,19,Sea,1144518.07,Retail,V3
T01614,15/02/2025,2025-03-15,P1006,Desk,Furniture,Berlin Warehouse,Europe,S08,Supplier H,635,542,814,327,383.71,26,Road,312761.37,Wholesale,V2
T01615,2025-03-18,2025-02-04,P1002,Phone,Electronics,Hamburg WH,Europe,S05,Supplier E,477,595,561,220,855.93,12,Road,681130.46,Retail,V1
T01616,2024-12-17,2025-01-04,P1009,Keyboard,Electronics,Berlin Warehouse,north america,S03,Supplier C,1179,1034,357,456,921.61,12,Air,1617357.91,Retail,V3
T01617,2025-02-09,2025-05-03,P1002,Phone,Electronics,Berlin WH,north america,S07,Supplier G,506,517,268,207,37.23,18,Air,28674.93,Retail,V2
T01618,2025-07-17,2025-12-08,P1011,Router,Electronics,Hamburg WH,North America,S03,Supplier C,676,618,1132,266,865.58,23,Sea,613415.91,Wholesale,V3
T01619,2025-02-08,2025-03-03,P1009,Keyboard,Electronics,Hamburg WH,North America,S07,Supplier G,480,528,465,262,137.87,20,Air,101966.06,Wholesale,V1
T01620,2025-12-11,2026-01-16,P1015,Lamp,Home,Berlin WH,Europe,S04,Supplier D,726,668,852,150,972.78,30,Air,866188.47,Retail,V3
T01621,2024-11-09,2024-12-08,P1004,Headphones,Electronics,Munich WH,North America,S07,Supplier G,1041,987,1013,305,839.07,28,Air,917581.04,Retail,V1
T01622,2024-01-02,2024-02-16,P1005,Printer,Electronics,Berlin WH,North America,S02,Supplier B,455,387,1070,256,1230.62,7,Sea,719797.55,Wholesale,V1
T01623,2025-08-03,2025-04-08,P1006,Desk,Furniture,BERLIN WH,NA,S07,Supplier G,380,406,537,155,725.32,24,Sea,384957.66,Wholesale,V1
T01624,2024-07-11,2024-12-05,P1007,Chair,Furniture,Berlin WH,Europe,S08,Supplier H,890,748,714,475,179.73,21,Air,235583.96,Wholesale,V2
T01625,25/12/2024,27/01/2025,P1001,Laptop,Electronics,Munich WH,North America,S05, Supplier A ,987,906,916,392,665.35,29,Sea,928940.33,Wholesale,V3
T01626,2025-05-17,2025-06-02,P1001,Laptop,Electronics,Hamburg WH,NA,S07,Supplier G,356,346,443,169,757.23,17,Road,394489.35,Retail,V1
T01627,2024-09-08,2024-09-25,P1012,Camera,Electronics,Berlin Warehouse,north america,S02,Supplier B,495,594,348,382,97.37,14,Sea,73883.14,Retail,V2
T01628,13/11/2024,2024-08-12,P1009,Keyboard,Electronics,Berlin WH,North America,S08,Supplier H,860,749,919,260,737.79,21,Road,726069.27,Retail,V3
T01629,22/11/2025,2025-12-07,P1013,Sofa,Furniture,Munich WH,N. America,S01,Supplier A,,615,788,409,189.51,16,Sea,209542.04,Wholesale,V3
T01630,2025-08-01,2025-08-20,P1007,Chair,Furniture,Munich WH,Europe,S01,Supplier A,514,475,470,279,558.57,20,Air,446612.3,Wholesale,V2
T01631,2024-06-15,2024-01-07,P1001,Laptop,Electronics,Berlin WH,N. America,S05,Supplier E,598,710,608,457,1272.26,12,Air,1458839.27,Retail,V2
T01632,2025-05-12,15/06/2025,P1004,Headphones,Electronics,Berlin Warehouse,Europe,S01,Supplier A,411,444,605,348,1464.58,26,Air,832208.41,Wholesale,V1
T01633,16/08/2024,2024-09-14,P1006,Desk,Furniture,Berlin WH,North America,S08,Supplier H,615,642,688,267,865.55,24,Air,981996.08,Retail,V1
T01634,2025-09-11,2025-10-01,P1010,Mouse,Electronics,Hamburg WH,North America,S01,Supplier A,876,860,717,374,80.36,17,Road,91259.63,Wholesale,V3
T01635,2025-10-07,15/07/2025,P1002,Phone,Electronics,Hamburg WH,north america,S07,Supplier G,653,571,724,392,357.97,3,Road,256334.41,Wholesale,V1
T01636,2024-03-07,2024-03-25,P1002,Phone,Electronics,Hamburg WH,north america,S05,Supplier E,525,549,831,490,766.48,13,Air,599650.02,Retail,V1
T01637,25/01/2024,2024-02-09,P1003,Tablet,Electronics,Berlin Warehouse,Europe,S02,Supplier B,409,504,279,442,215.08,7,Road,186514.97,Wholesale,V3
T01638,2024-09-26,2024-10-10,P1008,Monitor,Electronics,Hamburg WH,North America,S02, Supplier A ,647,643,1082,486,567.6,7,Road,590715.52,Retail,V1
T01639,26/07/2024,2024-08-24,P1003,Tablet,Electronics,Berlin WH,NA,S05,Supplier E,633,582,885,218,322.67,25,Air,251001.43,Retail,V1
T01640,2025-06-21,2025-07-07,P1011,Router,Electronics,BERLIN WH,N. America,S05,Supplier E,281,255,609,449,507.44,18,Sea,154857.71,Retail,V2
T01641,2024-08-06,2024-08-24,P1004,Headphones,Electronics,Berlin WH,N. America,S08,Supplier H,651,732,,394,925.99,17,Sea,951043.02,Retail,V1
T01642,2025-11-14,2025-12-07,P1003,Tablet,Electronics,Berlin WH,north america,S03,Supplier C,969,897,504,184,779.57,17,Air,1196090.66,Retail,V3
T01643,2025-02-27,2025-03-29,P1014,Shelf,Furniture,Hamburg WH,North America,S06,Supplier F,518,441,638,265,579.73,28,Sea,384382.09,Retail,V2
T01644,2025-02-08,2025-03-08,P1001,Laptop,Electronics,Hamburg WH,Europe,S04,Supplier D,459,423,965,493,220.42,25,Road,121573.11,Retail,V3
T01645,2024-10-05,16/06/2024,P1008,Monitor,Electronics,Berlin Warehouse,N. America,S07,Supplier G,477,537,610,480,1081.76,29,Road,1022572.44,Wholesale,V2
T01646,17/03/2024,2024-03-27,P1007,Chair,Furniture,Berlin WH,N. America,S01,Supplier A,787,800,1134,363,502.32,4,Road,575842.98,Retail,V2
T01647,2024-11-10,2024-11-05,P1007,Chair,Furniture,BERLIN WH,north america,S05,Supplier E,608,518,-20,387,1295.99,22,Road,1156280.64,Wholesale,V2
T01648,2025-04-26,2025-05-29,P1009,Keyboard,Electronics,Munich WH,north america,S08,Supplier H,868,750,593,347,601.57,26,Road,800043.16,Retail,V2
T01649,2024-11-12,2025-01-05,P1002,Phone,Electronics,Munich WH,North America,S08,Supplier H,1206,1113,330,325,1426.88,19,Sea,2018864.74,Wholesale,V2
T01650,2024-10-22,2024-11-24,P1010,Mouse,Electronic,Berlin Warehouse,north america,S04,Supplier D,468,516,,310,1169.38,30,Air,896987.77,Wholesale,V2
T01651,2024-07-15,2024-11-08,P1014,Shelf,Furniture,BERLIN WH,NA,S06,Supplier F,344,347,988,415,933.68,23,Road,448215.73,Wholesale,V3
T01652,2025-11-05,2025-11-21,P1004,Headphones,Electronics,BERLIN WH,north america,S03,Supplier C,1068,1108,721,301,545.6,8,Road,837275.92,Wholesale,V1
T01653,18/04/2025,2025-05-15,P1010,Mouse,Electronics,Berlin Warehouse,N. America,S03,Supplier C,642,632,131,210,755.79,999,Road,570492.38,Wholesale,V1
T01654,2025-10-25,2025-11-07,P1013,Sofa,Furniture,Hamburg WH,NA,S08,Supplier H,293,345,696,341,1400.32,9,Road,736001.79,Wholesale,V3
T01655,15/12/2024,21/12/2024,P1003,Tablet,Electronics,Berlin WH,Europe,S05,Supplier E,901,775,1121,460,964.14,4,Road,1224240.54,Wholesale,V1
T01656,2024-03-09,2024-03-31,P1004,Headphones,Electronics,Munich WH,NA,S05,Supplier E,618,548,671,403,1283.84,16,Road,858701.16,Wholesale,V1
T01657,2024-09-29,23/10/2024,P1001,Laptop,Electronics,Berlin WH,Europe,S07,Supplier G,534,588,450,471,1286,17,Sea,848661.98,Wholesale,V2
T01658,2024-05-02,13/05/2024,P1003,Tablet,Electronics,Berlin WH,North America,S03,Supplier C,419,477,611,212,363.15,13,Sea,287300.03,Retail,V3
T01659,2025-02-07,2025-08-04,P1005,Printer,Electronics,Hamburg WH,N. America,S03,Supplier C,471,485,703,199,623.67,25,Air,356854.26,Retail,V1
T01660,2024-04-24,2024-10-05,P1006,Desk,Furniture,Berlin Warehouse,N. America,S05, Supplier A ,698,642,959,295,1098.14,15,Road,775532.54,Wholesale,V3
T01661,2024-12-28,2025-01-05,P1014,Shelf,Furniture,Munich WH,NA,S04,Supplier D,1161,986,1154,227,675.55,2,Air,1012130.91,Retail,V2
T01662,27/07/2024,2024-08-07,P1009,Keyboard,Electronics,Munich WH,NA,S01,Supplier A,489,590,689,232,761.66,4,Sea,710408.93,Retail,V1
T01663,2024-09-09,2024-09-23,P1014,Shelf,Furniture,Munich WH,N. America,S07,Supplier G,868,746,1039,263,1414.15,9,Air,1207949.25,Retail,V2
T01664,2024-04-19,2024-05-04,P1001,Laptop,Electronics,Munich WH,north america,S04,Supplier D,429,461,683,493,814.56,11,Sea,652473.58,Wholesale,V1
T01665,25/08/2024,2024-09-23,P1002,Phone,Electronics,Hamburg WH,N. America,S02,Supplier B,730,721,491,359,414.24,24,Road,516579.64,Wholesale,V3
T01666,24/01/2025,2025-03-03,P1001,Laptop,Electronics,Hamburg WH,Europe,S05,Supplier E,554,480,876,255,588.24,30,Road,456221.56,Wholesale,V2
T01667,2024-01-22,2024-02-13,P1008,Monitor,Electronics,BERLIN WH,N. America,S07,Supplier G,436,373,683,376,692.06,21,Road,416671.72,Retail,V3
T01668,2025-12-16,2026-01-16,P1011,Router,Electronics,Berlin Warehouse,N. America,S07, Supplier A ,747,890,694,236,754.4,27,Sea,1062834.78,Wholesale,V2
T01669,2024-10-07,2024-10-28,P1004,Headphones,Electronic,Hamburg WH,North America,S05,Supplier E,700,649,435,268,1061.83,14,Road,995627.74,Retail,V3
T01670,2025-12-15,2026-05-01,P1002,Phone,Electronics,BERLIN WH,NA,S08,Supplier H,879,897,915,161,315.08,14,Sea,371755.53,Retail,V2
T01671,22/03/2025,2025-03-30,P1012,Camera,Electronics,BERLIN WH,NA,S08,Supplier H,,514,595,367,470.15,4,Air,396213.77,Wholesale,V2
T01672,2024-09-23,2024-10-09,P1008,Monitor,Electronic,Munich WH,north america,S03,Supplier C,487,562,507,236,1166.79,9,Road,780846.72,Retail,V1
T01673,2025-01-25,2025-01-29,P1006,Desk,Furniture,Berlin WH,north america,S01,Supplier A,595,554,-61,267,957.26,4,Road,884314.37,Retail,V2
T01674,2024-03-22,2024-03-30,P1009,Keyboard,Electrnics,Berlin Warehouse,Europe,S05,Supplier E,450,494,676,381,236.11,6,Sea,151912.66,Retail,V1
T01675,23/02/2025,28/02/2025,P1005,Printer,Electronics,Berlin WH,north america,S03,Supplier C,560,526,213,416,584.03,4,Air,492634.53,Retail,V2
T01676,15/07/2025,2025-07-22,P1008,Monitor,Electronics,Berlin Warehouse,north america,S07,Supplier G,354,349,455,235,55.1,9,Road,22226.93,Retail,V1
T01677,13/04/2024,23/04/2024,P1005,Printer,Electronics,Munich WH,NA,S03,,627,576,670,423,150.43,5,Road,146644.49,Retail,V1
T01678,30/06/2025,25/07/2025,P1015,Lamp,Home,BERLIN WH,N. America,S03,Supplier C,658,584,1067,275,618.08,27,Sea,453021.51,Retail,V3
T01679,2025-05-31,2025-06-06,P1015,Lamp,Home,Berlin WH,Europe,S01,Supplier A,866,853,881,351,856.31,6,Air,1288551.06,Retail,V1
T01680,2025-09-15,2025-10-14,P1014,Shelf,Furniture,Hamburg WH,N. America,S06,Supplier F,665,667,584,443,1272.87,27,Sea,1234126.22,Retail,V3
T01681,2024-04-22,2024-05-21,P1012,Camera,Electronics,Berlin WH,North America,S04,Supplier D,385,428,802,232,1103.03,22,Sea,573745.81,Retail,V1
T01682,2024-10-21,2024-11-20,P1008,Monitor,Electronics,Munich WH,north america,S08,Supplier H,323,344,495,496,1068.32,26,Road,498881.51,Wholesale,V3
T01683,22/04/2025,2025-05-16,P1011,Router,Electronics,BERLIN WH,north america,S06,Supplier F,437,390,731,460,567.44,20,Sea,343896.91,Retail,V3
T01684,2025-05-26,2025-06-06,P1003,Tablet,Electronics,BERLIN WH,NA,S01,Supplier A,454,394,870,255,932.01,4,Air,514136.23,Wholesale,V2
T01685,2025-01-19,2025-05-02,P1005,Printer,Electronics,Berlin Warehouse,North America,S06,Supplier F,381,408,865,162,1218.32,12,Air,788844.58,Wholesale,V3
T01686,2024-05-30,2024-06-28,P1008,Monitor,Electronics,Hamburg WH,N. America,S03,Supplier C,,459,1080,482,592.01,27,Air,339090.76,Retail,V1
T01687,25/03/2025,15/04/2025,P1005,Printer,Electronics,BERLIN WH,N. America,S08,Supplier H,485,525,714,354,702.23,16,Sea,579477.04,Retail,V2
T01688,22/02/2024,2024-02-29,P1004,Headphones,Electronics,BERLIN WH,North America,S03,Supplier C,711,644,736,477,106.28,5,Sea,123124.14,Wholesale,V2
T01689,2025-10-31,23/11/2025,P1014,Shelf,Furniture,BERLIN WH,north america,S07,,602,568,799,189,1287.3,21,Road,861826.07,Wholesale,V1
T01690,2025-05-05,2025-05-15,P1002,Phone,Electronics,Munich WH,N. America,S06,Supplier F,529,601,614,319,135.8,8,Air,134803.45,Retail,V1
T01691,2025-12-29,2026-01-06,P1009,Keyboard,Electronics,Berlin Warehouse,north america,S05,Supplier E,984,862,778,180,1036.42,2,Sea,1307980.58,Retail,V2
T01692,2025-02-17,2025-03-13,P1006,Desk,Furniture,BERLIN WH,NA,S08,Supplier H,407,464,1001,327,441.58,21,Air,297835.67,Retail,V2
T01693,14/05/2025,15/06/2025,P1007,Chair,Furniture,Munich WH,north america,S01,Supplier A,743,666,,491,880.42,26,Air,965470.5,Retail,V2
T01694,2024-12-04,14/12/2024,P1011,Router,Electronics,Berlin Warehouse,N. America,S08,Supplier H,960,997,435,475,1316.94,10,Air,1718159.07,Wholesale,V2
T01695,2025-02-07,2025-02-16,P1004,Headphones,Electronics,Berlin Warehouse,N. America,S01,Supplier A,277,274,994,172,1317.37,11,Sea,627614.35,Retail,V2
T01696,2024-06-04,2024-05-06,P1007,Chair,Furniture,Berlin Warehouse,North America,S05,Supplier E,475,466,273,257,1424.69,2,Sea,1194387.39,Wholesale,V1
T01697,2024-08-12,2024-08-28,P1008,Monitor,Electronics,Berlin WH,Europe,S03,Supplier C,,793,472,494,32,17,Sea,28077.95,Wholesale,V2
T01698,2024-09-21,2024-10-17,P1010,Mouse,Electronics,Munich WH,N. America,S06,Supplier F,478,592,-57,473,1036.65,23,Road,801366.74,Wholesale,V3
T01699,2024-09-08,2024-09-27,P1004,Headphones,Electronics,BERLIN WH,north america,S01,Supplier A,419,484,834,372,622.62,17,Sea,380479.48,Wholesale,V3
T01700,2025-02-18,2025-02-23,P1001,Laptop,Electronics,Munich WH,N. America,S05,Supplier E,332,331,740,281,252.92,5,Air,131408.34,Retail,V2
T01701,2024-06-05,2024-06-26,P1015,Lamp,Home,Hamburg WH,Europe,S02,Supplier B,439,445,,427,124.89,18,Sea,84404.89,Wholesale,V2
T01702,2024-03-24,2024-04-18,P1004,Headphones,Electronics,Berlin WH,NA,S03,Supplier C,527,524,271,469,1388.04,17,Air,1079622.68,Wholesale,V2
T01703,18/03/2025,2025-03-23,P1003,Tablet,Electronics,BERLIN WH,North America,S07,Supplier G,,286,1075,392,1170.24,2,Sea,435022.84,Retail,V2
T01704,18/05/2025,30/05/2025,P1015,Lamp,Electronic,Hamburg WH,N. America,S07,Supplier G,534,472,992,451,1237.87,8,Sea,719948.55,Retail,V3
T01705,2024-06-17,2024-07-06,P1006,Desk,Furniture,Hamburg WH,North America,S03, Supplier A ,341,372,955,456,458.6,12,Air,274306.07,Retail,V1
T01706,2024-09-01,2024-02-07,P1003,Tablet,Electronics,Berlin Warehouse,North America,S07,Supplier G,337,401,834,402,371.52,30,Air,203495.65,Wholesale,V1
T01707,2024-02-03,2024-03-05,P1003,Tablet,Electronics,BERLIN WH,north america,S05,Supplier E,507,427,691,337,1079.77,23,Air,611476.67,Retail,V1
T01708,13/11/2024,2024-12-02,P1006,Desk,Furniture,Berlin WH,north america,S02,Supplier B,877,835,224,169,236.63,20,Air,243475.58,Retail,V1
T01709,2025-02-04,2025-02-21,P1014,Shelf,Furniture,BERLIN WH,north america,S08,Supplier H,427,449,855,205,1309.48,10,Road,919683.64,Retail,V3
T01710,2024-10-18,2024-11-10,P1003,Tablet,Electronics,Berlin Warehouse,north america,S02,Supplier B,528,654,422,386,1108.75,21,Air,1044837.15,Wholesale,V3
T01711,17/08/2024,2024-09-03,P1012,Camera,Electronics,Berlin Warehouse,Europe,S05,Supplier E,423,430,748,166,1041.05,14,Sea,769422.7,Wholesale,V3
T01712,2024-11-09,2024-12-07,P1005,Printer,Electronics,BERLIN WH,NA,S07,Supplier G,721,856,855,364,186.12,27,Air,207728.72,Retail,V2
T01713,2024-06-01,2024-06-03,P1012,Camera,Electronics,Munich WH,North America,S03,Supplier C,750,647,815,168,943.16,4,Air,673652.43,Retail,V2
T01714,2024-05-09,2024-06-07,P1003,Tablet,Electronics,BERLIN WH,north america,S02,Supplier B,410,502,130,294,535.75,26,Air,329573.97,Wholesale,V2
T01715,2025-02-23,2025-03-30,P1002,Phone,Electronics,Berlin WH,NA,S05,Supplier E,437,438,1231,257,652.98,30,Air,506004.42,Wholesale,V1
T01716,2024-12-19,2025-01-18,P1002,Phone,Electronics,Hamburg WH,N. America,S01,Supplier A,995,910,326,166,844.13,28,Sea,1344518.7,Wholesale,V3
T01717,2025-11-02,2025-02-20,P1013,Sofa,Furniture,Hamburg WH,NA,S06, Supplier A ,350,419,,380,921.32,6,Road,502517.94,Retail,V1
T01718,17/06/2024,2024-07-07,P1005,Printer,Electronics,Berlin Warehouse,North America,S07,Supplier G,525,519,395,197,132.29,17,Air,109081.26,Retail,V3
T01719,2025-09-10,2025-10-05,P1008,Monitor,Electronics,Hamburg WH,North America,S05,Supplier E,551,558,817,253,1086.08,25,Air,891234.64,Wholesale,V3
T01720,2024-12-17,2024-12-18,P1013,Sofa,Furniture,Hamburg WH,north america,S06,Supplier F,736,705,461,322,1409.88,2,Air,1560745.73,Retail,V1
T01721,2024-12-06,26/12/2024,P1011,Router,Electronics,Munich WH,north america,S05,Supplier E,1030,891,502,421,159.8,14,Road,255178.51,Retail,V2
T01722,2024-10-02,2024-03-12,P1008,Monitor,Electronics,Berlin WH,NA,S05,Supplier E,542,477,847,425,639.21,26,Sea,429486.17,Retail,V2
T01723,2025-08-26,2025-09-27,P1011,Router,Electronics,Hamburg WH,north america,S02,Supplier B,692,851,854,392,897.87,28,Road,940372.33,Retail,V2
T01724,2025-08-28,2025-09-16,P1004,Headphones,Electronics,Berlin WH,N. America,S08,Supplier H,538,545,374,285,514.52,11,Road,329528.59,Wholesale,V2
T01725,2024-09-28,2024-10-12,P1001,Laptop,Electronics,Berlin Warehouse,Europe,S04,Supplier D,25000,773,690,170,1420.47,9,Air,1771499.27,Wholesale,V1
T01726,2024-03-18,2024-04-21,P1013,Sofa,Furniture,Hamburg WH,North America,S05,Supplier E,753,666,1028,424,178.24,28,Road,172521.43,Wholesale,V3
T01727,2025-11-10,2025-11-24,P1001,Laptop,Electronics,Munich WH,NA,S08,Supplier H,-1119,988,1119,447,126.96,8,Air,198627.5,Retail,V2
T01728,2025-07-28,2025-08-24,P1012,Camera,electronics,Berlin Warehouse,North America,S06,Supplier F,,228,859,240,938.83,19,Road,368962.88,Wholesale,V1
T01729,2024-02-12,2024-12-03,P1011,Router,Electronics,Berlin Warehouse,NA,S04,Supplier D,1015,1057,,395,171.54,2,Air,207256.02,Wholesale,V3
T01730,20/09/2024,2024-09-28,P1007,Chair,Furniture,BERLIN WH,North America,S03, Supplier A ,638,683,568,368,1082.55,8,Sea,1197779.83,Wholesale,V3
T01731,2025-12-09,14/12/2025,P1009,Keyboard,Electronics,Berlin WH,N. America,S02,Supplier B,808,943,269,189,218.23,6,Air,362326.19,Wholesale,V1
T01732,26/04/2024,2024-05-07,P1013,Sofa,Furniture,Munich WH,Europe,S08,Supplier H,421,438,822,322,546.32,5,Road,395711.51,Retail,V2
T01733,15/11/2025,2025-11-27,P1010,Mouse,Electronics,BERLIN WH,N. America,S05,Supplier E,842,769,707,192,607.39,13,Sea,599756.4,Retail,V3
T01734,2024-09-13,2024-09-10,P1012,Camera,Electronics,Berlin WH,N. America,S01,Supplier A,-650,694,110,467,378.02,27,Air,361762.22,Wholesale,V1
T01735,18/06/2025,2025-07-22,P1014,Shelf,Furniture,BERLIN WH,North America,S04,Supplier D,722,642,866,395,750.39,26,Sea,599180.76,Wholesale,V2
T01736,2024-04-16,24/04/2024,P1013,Sofa,Furniture,Munich WH,Europe,S07,Supplier G,544,606,964,258,1357.04,7,Road,964684.96,Retail,V3
T01737,20/08/2024,20/09/2024,P1014,Shelf,Furniture,Hamburg WH,NA,S08,Supplier H,813,747,742,435,301.88,26,Road,317850.49,Wholesale,V1
T01738,2024-02-12,21/02/2024,P1001,Laptop,Electronics,BERLIN WH,North America,S08,Supplier H,525,479,530,246,591.94,2,Road,377449.14,Wholesale,V3
T01739,2024-12-12,15/01/2025,P1007,Chair,Furniture,Berlin WH,N. America,S01,Supplier A,834,1019,,311,590.5,29,Air,728543.03,Retail,V3
T01740,2024-05-19,2024-06-10,P1008,Monitor,Electronics,Berlin WH,north america,S08,Supplier H,450,423,779,433,443.55,19,Air,232508.59,Wholesale,V1
T01741,15/11/2024,2024-11-17,P1009,Keyboard,Electronics,Berlin WH,NA,S07,Supplier G,848,854,,300,761.55,3,Road,861838.39,Retail,V3
T01742,2024-09-21,2024-10-04,P1014,Shelf,Furniture,Hamburg WH,North America,S07,Supplier G,706,661,461,228,1177.95,10,Road,1145766.41,Wholesale,V1
T01743,2025-05-25,2025-05-25,P1005,Printer,Electronics,BERLIN WH,NA,S05,Supplier E,312,342,798,358,259.61,2,Air,113159.15,Retail,V1
T01744,21/06/2025,2025-06-25,P1010,Mouse,Electronics,BERLIN WH,NA,S02,Supplier B,525,513,315,335,1418.52,5,Sea,900092.67,Retail,V1
T01745,13/08/2025,2025-08-18,P1004,Headphones,Electronics,BERLIN WH,north america,S02,,852,832,822,268,397.41,3,Road,424477.3,Retail,V3
T01746,2025-07-16,2025-08-10,P1015,Lamp,Home,Berlin WH,Europe,S05,Supplier E,651,585,457,432,693.87,23,Air,644856.02,Wholesale,V2
T01747,2024-04-05,2024-04-28,P1011,Router,Electronics,Berlin Warehouse,North America,S06,Supplier F,353,368,609,287,878.35,25,Air,570065.42,Retail,V1
T01748,2025-05-03,2025-05-23,P1001,Laptop,Electronics,Berlin WH,NA,S08,Supplier H,466,501,507,334,772.3,14,Air,432108.17,Retail,V1
T01749,2024-12-08,2024-12-27,P1003,Tablet,Electronics,Berlin WH,Europe,S03, Supplier A ,1034,1013,561,482,686.86,20,Air,904433.78,Retail,V1
T01750,2025-11-29,2025-09-12,P1009,Keyboard,Electronics,Munich WH,NA,S04,Supplier D,901,795,322,358,1451.48,2,Road,1623642.54,Retail,V2
T01751,14/07/2025,29/07/2025,P1004,Headphones,Electronics,Hamburg WH,N. America,S01,Supplier A,611,630,616,370,836.99,8,Road,665277.55,Wholesale,V2
T01752,19/05/2024,2024-06-01,P1007,Chair,Furniture,Berlin Warehouse,north america,S07,Supplier G,591,526,,446,1175.48,11,Air,773189.32,Wholesale,V2
T01753,25/10/2025,2025-11-03,P1010,Mouse,Electronics,Munich WH,N. America,S08,Supplier H,569,607,860,150,275.46,5,Road,184232.72,Wholesale,V3
T01754,2024-11-05,2024-05-30,P1010,Mouse,Electronics,Berlin Warehouse,N. America,S03,Supplier C,258,253,529,478,298.3,20,Road,128432.1,Retail,V1
T01755,2024-09-12,2024-09-10,P1012,Camera,Electronics,Berlin Warehouse,N. America,S01,Supplier A,594,599,514,186,758.3,23,Sea,568031.33,Retail,V3
T01756,2024-01-03,2024-01-29,P1011,Router,Electronics,Hamburg WH,North America,S04,Supplier D,442,407,566,206,1159.73,28,Sea,671967.73,Retail,V2
T01757,27/05/2024,2024-06-12,P1003,Tablet,Electronics,Hamburg WH,north america,S02,Supplier B,,619,925,338,1449.94,12,Road,1503084.86,Wholesale,V2
T01758,2025-11-10,2025-11-27,P1004,Headphones,Electronics,Berlin Warehouse,N. America,S03,Supplier C,707,832,567,255,224.8,14,Sea,303688.94,Wholesale,V2
T01759,23/03/2025,2025-12-04,P1001,Laptop,Electronics,Berlin Warehouse,North America,S05,Supplier E,745,679,659,151,914.83,15,Air,981731.56,Wholesale,V3
T01760,23/10/2024,2024-11-24,P1004,Headphones,Electronics,Berlin Warehouse,NA,S07,Supplier G,391,364,921,206,1192.84,30,Sea,570858.85,Retail,V2
T01761,2024-01-15,2024-03-02,P1008,Monitor,Electronics,BERLIN WH,N. America,S02,Supplier B,406,408,625,450,1157.33,16,Sea,592671.56,Retail,V3
T01762,2024-09-10,2024-10-19,P1014,Shelf,Furniture,Hamburg WH,N. America,S08,Supplier H,,391,497,349,312.16,10,Sea,183431.42,Retail,V1
T01763,2024-08-28,2024-09-12,P1011,Router,Electronics,Munich WH,N. America,S08,,705,670,783,346,1146.12,9,Air,1374710.31,Wholesale,V3
T01764,2025-01-14,2025-02-01,P1009,Keyboard,Electronics,Munich WH,NA,S05,Supplier E,528,565,534,200,279.93,10,Road,220628.11,Wholesale,V1
T01765,2024-03-05,2024-04-06,P1010,Mouse,Electronics,BERLIN WH,N. America,S02, Supplier A ,486,479,1059,273,1492.84,30,Road,986351.26,Retail,V3
T01766,23/05/2025,2025-05-28,P1009,Keyboard,Electronics,Munich WH,Europe,S01,,300,314,1031,226,1049.55,2,Road,578876.74,Wholesale,V1
T01767,2025-07-05,2025-06-03,P1004,Headphones,Electronics,Hamburg WH,NA,S03,Supplier C,572,685,760,205,332.51,25,Road,330605.42,Wholesale,V3
T01768,2024-07-23,27/08/2024,P1011,Router,Electronics,Munich WH,north america,S07,Supplier G,414,458,703,492,780.77,28,Sea,536819.7,Retail,V2
T01769,28/04/2025,2025-05-08,P1010,Mouse,Electronics,BERLIN WH,NA,S04,Supplier D,507,525,853,275,1396.92,12,Sea,1209655.19,Retail,V3
T01770,2024-12-07,24/12/2024,P1008,Monitor,Electronics,Berlin WH,North America,S04,Supplier D,918,858,629,370,848.63,19,Road,1203423.51,Retail,V1
T01771,2025-02-24,2025-03-16,P1014,Shelf,Furniture,Munich WH,North America,S01,Supplier A,701,587,1047,254,809.71,16,Air,560461.15,Wholesale,V3
T01772,18/05/2024,2024-05-30,P1004,Headphones,Electronics,Berlin WH,NA,S04,Supplier D,484,436,876,261,1436.52,13,Air,994448.2,Wholesale,V1
T01773,2024-10-14,21/10/2024,P1011,Router,Electronics,Berlin Warehouse,north america,S08,Supplier H,364,385,1279,257,542.45,4,Air,322759.08,Retail,V2
T01774,2025-09-04,2025-09-23,P1009,Keyboard,Electronics,Munich WH,N. America,S04,Supplier D,699,796,,172,751.1,17,Road,988974.76,Retail,V2
T01775,2024-09-08,2024-08-13,P1013,Sofa,Furniture,Munich WH,north america,S07,Supplier G,1120,1011,268,319,998.67,5,Air,1399929.02,Wholesale,V1
T01776,13/03/2025,2025-04-13,P1012,Camera,Electronics,Munich WH,N. America,S06,Supplier F,672,598,472,332,1291.3,26,Air,1385411.68,Retail,V3
T01777,2025-08-08,15/08/2025,P1001,Laptop,Electronics,Berlin Warehouse,North America,S05,Supplier E,697,824,445,248,622.08,7,Road,868118.91,Retail,V1
T01778,2024-08-02,16/08/2024,P1004,Headphones,Electronics,Hamburg WH,N. America,S03,Supplier C,845,844,261,301,976.01,16,Road,1467124.57,Retail,V1
T01779,2024-04-30,24/05/2024,P1012,Camera,Electronics,Hamburg WH,N. America,S04,Supplier D,586,512,540,337,732.45,22,Road,433130.02,Retail,V1
T01780,2025-04-30,2025-05-11,P1007,Chair,Furniture,Munich WH,N. America,S01,Supplier A,232,270,872,237,1276.57,13,Road,504988.51,Wholesale,V1
T01781,27/03/2024,31/03/2024,P1013,Sofa,Furniture,Hamburg WH,North America,S03, Supplier A ,394,339,620,258,278.38,4,Sea,122704.91,Retail,V3
T01782,2024-06-19,2024-07-03,P1005,Printer,Electronics,Munich WH,north america,S06,Supplier F,258,293,730,381,906.67,7,Air,308756.9,Wholesale,V2
T01783,25/06/2024,2024-09-07,P1010,Mouse,Electronics,Munich WH,N. America,S08,Supplier H,522,480,561,292,841.11,12,Road,563616.45,Retail,V1
T01784,19/02/2025,2025-06-03,P1005,Printer,Electronics,Munich WH,North America,S07,Supplier G,308,263,941,424,101.26,16,Road,41847.86,Retail,V1
T01785,23/08/2024,2024-09-13,P1012,Camera,Electronics,Munich WH,N. America,S02, Supplier A ,,714,737,436,457.97,17,Air,523817.18,Retail,V3
T01786,25/08/2024,2024-09-03,P1013,Sofa,Furniture,Munich WH,north america,S03,Supplier C,686,817,932,273,1082.29,3,Air,1393435.37,Retail,V3
T01787,19/07/2025,2025-08-06,P1002,Phone,Electronics,BERLIN WH,NA,S06,Supplier F,422,492,644,418,846.41,19,Sea,725487.6,Retail,V1
T01788,2024-02-15,2024-02-22,P1007,Chair,Furniture,Berlin WH,north america,S08,,504,630,614,255,269.4,6,Air,190308.68,Wholesale,V1
T01789,2025-03-08,2025-03-24,P1012,Camera,Electronics,BERLIN WH,NA,S02,Supplier B,483,577,632,314,917.49,16,Air,749643.65,Retail,V1
T01790,2024-01-28,2024-04-02,P1013,Sofa,Furniture,Berlin Warehouse,north america,S01,Supplier A,342,298,575,165,915.31,4,Air,417289.21,Retail,V3
T01791,2024-07-13,15/08/2024,P1008,Monitor,Electronics,BERLIN WH,North America,S02,Supplier B,25000,393,717,374,1499.27,27,Road,992624.05,Retail,V3
T01792,2024-06-02,2024-06-24,P1006,Desk,Furniture,Munich WH,NA,S06,Supplier F,378,473,620,344,469.19,23,Sea,260991.59,Wholesale,V1
T01793,28/03/2024,27/04/2024,P1009,Keyboard,Electronics,Munich WH,Europe,S03,Supplier C,850,740,623,457,1128.84,23,Sea,1467703.48,Wholesale,V3
T01794,2024-03-19,2024-04-13,P1003,Tablet,Electronics,Berlin WH,NA,S03,Supplier C,313,348,942,297,509.71,18,Sea,228616.31,Wholesale,V1
T01795,2025-06-03,2025-06-13,P1007,Chair,Furniture,Berlin WH,North America,S08,Supplier H,157,157,836,163,1015.62,3,Road,218607.78,Wholesale,V1
T01796,21/01/2025,2025-02-09,P1006,Desk,Furniture,BERLIN WH,north america,S06,Supplier F,391,417,,195,1117.87,13,Air,759684.51,Wholesale,V2
T01797,2025-07-30,2025-07-08,P1002,Phone,Electronics,Munich WH,N. America,S04,Supplier D,373,361,881,361,864.62,6,Sea,449147.67,Wholesale,V3
T01798,20/02/2024,2024-03-25,P1006,Desk,Furniture,Hamburg WH,North America,S05,Supplier E,452,441,1446,237,1078.95,27,Road,559912.71,Retail,V3
T01799,2025-04-26,2025-05-09,P1001,Laptop,Electronics,Munich WH,north america,S07,Supplier G,355,430,799,256,1464.6,9,Road,1114640.45,Wholesale,V3
T01800,2024-12-29,2025-02-01,P1013,Sofa,Furniture,Munich WH,N. America,S01,Supplier A,777,889,,469,738.31,26,Air,1103418.54,Retail,V1
T01801,2024-01-10,2024-03-11,P1013,Sofa,Furniture,BERLIN WH,north america,S01,Supplier A,485,516,818,212,912.92,29,Air,621054.79,Retail,V2
T01802,2025-10-02,15/10/2025,P1012,Camera,Electronics,Hamburg WH,Europe,S05,Supplier E,,272,857,479,69.46,7,Air,31571.81,Retail,V2
T01803,2024-07-11,2024-07-22,P1009,Keyboard,Electronics,Berlin Warehouse,North America,S02,Supplier B,263,267,562,354,1231.73,10,Air,390446.58,Wholesale,V3
T01804,2025-11-25,2025-12-23,P1005,Printer,Electronics,BERLIN WH,Europe,S03,,783,884,843,417,572.99,20,Sea,675214.86,Retail,V1
T01805,2024-09-05,2024-09-24,P1015,Lamp,Home,Hamburg WH,N. America,S07,Supplier G,739,746,406,216,1301.24,13,Air,1089616.25,Wholesale,V2
T01806,25/03/2024,2024-04-13,P1008,Monitor,Electronics,Hamburg WH,N. America,S01,Supplier A,717,650,871,349,1331.39,11,Sea,1393579.7,Wholesale,V2
T01807,2024-02-13,2024-03-17,P1003,Tablet,Electronic,BERLIN WH,NA,S07,Supplier G,474,474,835,267,40.84,25,Road,21388.26,Retail,V2
T01808,15/07/2024,2024-07-24,P1014,Shelf,Furniture,Hamburg WH,NA,S01,Supplier A,411,455,639,492,282.02,4,Sea,143712.77,Wholesale,V2
T01809,2025-06-09,2025-03-07,P1010,Mouse,Electronics,BERLIN WH,N. America,S01,Supplier A,485,417,816,265,1341.34,25,Road,871299.25,Retail,V2
T01810,2024-12-05,24/12/2024,P1012,Camera,Electronics,BERLIN WH,North America,S03,Supplier C,876,935,885,388,1342.6,21,Sea,1637029.27,Retail,V2
T01811,2024-09-01,2024-09-30,P1004,Headphones,Electronics,Berlin Warehouse,north america,S04,Supplier D,690,591,735,256,228.34,26,Sea,169688.54,Wholesale,V3
T01812,2024-05-05,2024-05-31,P1007,Chair,Furniture,Berlin WH,North America,S04,Supplier D,715,683,784,222,363.56,27,Road,273306.55,Wholesale,V3
T01813,2025-04-22,2025-05-02,P1012,Camera,Electronics,Berlin Warehouse,N. America,S02,Supplier B,556,479,1040,428,626.57,3,Road,440422.57,Retail,V3
T01814,2025-11-26,2025-06-12,P1004,Headphones,Electronics,BERLIN WH,N. America,S08, Supplier A ,639,576,405,260,799.62,6,Air,608750.98,Wholesale,V1
T01815,19/03/2024,2024-04-01,P1002,Phone,Electronics,Hamburg WH,north america,S08,Supplier H,280,326,811,317,987.67,14,Sea,507713.69,Retail,V1
T01816,2024-08-07,2024-07-27,P1004,Headphones,Electronics,BERLIN WH,Europe,S01,Supplier A,581,502,1113,165,1405.79,20,Air,1175114.13,Retail,V3
T01817,20/06/2025,18/07/2025,P1015,Lamp,Home,BERLIN WH,Europe,S01,Supplier A,393,330,944,275,425.72,24,Road,174465.91,Wholesale,V2
T01818,17/10/2024,2024-10-26,P1014,Shelf,Furniture,Berlin Warehouse,Europe,S02,Supplier B,500,420,678,362,890.88,2,Sea,557462.74,Wholesale,V1
T01819,29/02/2024,2024-03-03,P1002,Phone,Electronics,Munich WH,north america,S05,Supplier E,402,495,-20,459,926.22,4,Sea,734172.22,Retail,V3
T01820,2024-10-26,2024-11-18,P1004,Headphones,Electronics,BERLIN WH,North America,S04,Supplier D,604,679,579,353,347.49,18,Road,286200.23,Retail,V2
T01821,2024-07-18,2024-08-15,P1003,Tablet,Electronics,Munich WH,N. America,S03,Supplier C,704,623,604,260,586.58,21,Air,552684.29,Retail,V2
T01822,2024-10-08,2024-11-10,P1006,Desk,Furniture,BERLIN WH,North America,S06,Supplier F,334,386,901,364,1458.7,4,Road,862768.52,Wholesale,V1
T01823,16/06/2025,17/07/2025,P1009,Keyboard,Electronics,Berlin WH,NA,S07,Supplier G,344,381,880,171,777.62,28,Air,392186.55,Wholesale,V2
T01824,2025-03-14,2025-04-06,P1007,Chair,Furniture,Berlin WH,N. America,S01,Supplier A,355,437,516,415,1062.55,24,Sea,670722.45,Retail,V1
T01825,2024-07-16,16/08/2024,P1014,Shelf,Furniture,BERLIN WH,Europe,S01,Supplier A,442,528,489,416,1136.34,30,Sea,668600.68,Retail,V1
T01826,30/01/2025,2025-02-12,P1003,Tablet,Electronics,Berlin WH,N. America,S08,Supplier H,603,555,626,187,127.99,12,Air,118967.66,Wholesale,V2
T01827,2024-12-30,2025-01-18,P1001,Laptop,Electronics,Hamburg WH,north america,S07,Supplier G,1087,1045,693,410,1029.11,19,Air,1930863.92,Wholesale,V3
T01828,2025-05-11,2025-05-25,P1007,Chair,Furniture,BERLIN WH,NA,S03,Supplier C,563,573,370,468,78.39,8,Road,49864.21,Retail,V1
T01829,2024-09-04,2024-09-21,P1005,Printer,Electronics,BERLIN WH,NA,S01,Supplier A,758,739,491,420,839.08,16,Air,695915.75,Wholesale,V3
T01830,17/07/2025,2025-07-21,P1012,Camera,Electronics,Berlin Warehouse,NA,S03,Supplier C,570,595,685,358,944.89,3,Road,925325.56,Retail,V1
T01831,14/04/2024,2024-05-06,P1011,Router,Electronics,Munich WH,North America,S06,Supplier F,585,512,1074,381,599.24,24,Road,528354.49,Wholesale,V3
T01832,2025-08-17,2025-04-09,P1012,Camera,Electronics,Berlin Warehouse,North America,S02,Supplier B,495,603,463,298,1197.46,11,Road,1005074.9,Wholesale,V2
T01833,2025-08-19,2025-09-21,P1013,Sofa,Furniture,Munich WH,north america,S03,Supplier C,710,612,,356,1254.2,26,Road,1141739.19,Wholesale,V3
T01834,2025-08-09,2025-08-26,P1013,Sofa,Furniture,Munich WH,north america,S07,Supplier G,609,637,1285,486,1374.91,11,Road,1040409.11,Wholesale,V1
T01835,2025-06-18,2025-07-18,P1005,Printer,Electronics,Munich WH,Europe,S03,Supplier C,281,282,462,424,697.3,27,Road,287726.06,Retail,V1
T01836,2024-12-04,2024-12-12,P1010,Mouse,Electronics,BERLIN WH,north america,S02,Supplier B,811,905,414,300,292.81,2,Road,303518.79,Retail,V1
T01837,13/07/2024,2024-07-24,P1002,Phone,Electronics,Hamburg WH,Europe,S03,Supplier C,472,450,1075,264,1096.84,11,Road,777642.83,Retail,V2
T01838,2025-09-29,2025-10-16,P1012,Camera,Electronics,Hamburg WH,North America,S01,Supplier A,398,419,546,435,967.27,17,Sea,586188.05,Wholesale,V1
T01839,19/10/2025,2025-05-11,P1008,Monitor,Electronics,Berlin Warehouse,north america,S03,Supplier C,499,475,654,260,465.81,11,Road,246261.99,Retail,V2
T01840,17/11/2025,2025-02-12,P1011,Router,Electronics,Berlin Warehouse,north america,S06,Supplier F,1017,868,792,482,1081.8,9,Air,1534196.06,Wholesale,V1
T01841,18/12/2024,2025-01-24,P1007,Chair,Furniture,Munich WH,Europe,S02,Supplier B,831,824,523,222,274.71,30,Sea,297393.63,Retail,V3
T01842,2024-05-30,2024-06-22,P1007,Chair,Furniture,Hamburg WH,NA,S06,Supplier F,344,390,,428,1187.06,23,Air,563431.46,Wholesale,V3
T01843,2025-01-22,27/01/2025,P1006,Desk,Furniture,Berlin WH,north america,S07,Supplier G,605,509,627,472,510.2,4,Sea,307230.72,Wholesale,V1
T01844,19/11/2025,2025-12-22,P1014,Shelf,Furniture,BERLIN WH,north america,S03,Supplier C,1116,1003,737,247,941.32,27,Sea,1246779.44,Retail,V2
T01845,2024-07-15,2024-08-03,P1013,Sofa,Furniture,Berlin Warehouse,north america,S05,Supplier E,422,394,722,354,1093.14,19,Sea,764712.34,Wholesale,V3
T01846,2024-02-11,29/02/2024,P1014,Shelf,Furniture,Berlin WH,North America,S01,Supplier A,800,717,799,234,306.73,17,Road,282214.23,Wholesale,V3
T01847,2025-04-02,2025-06-02,P1015,Lamp,Home,Hamburg WH,north america,S07,Supplier G,287,251,738,182,721.17,3,Air,300429.3,Retail,V1
T01848,2025-11-15,2025-11-17,P1004,Headphones,Electronics,Hamburg WH,north america,S06,,1000,1072,806,163,1250.5,3,Air,1732241.45,Wholesale,V1
T01849,2024-10-27,2024-04-11,P1011,Router,Electronics,Hamburg WH,N. America,S02,Supplier B,,324,758,314,490.9,3,Road,204650.49,Retail,V3
T01850,29/03/2025,2025-04-02,P1011,Router,Electronics,BERLIN WH,N. America,S07,Supplier G,465,579,663,471,890.07,6,Road,747762.04,Wholesale,V2
T01851,18/01/2024,2024-10-02,P1015,Lamp,Home,BERLIN WH,Europe,S08,Supplier H,681,638,990,375,1414.66,16,Air,1512824.52,Retail,V3
T01852,2025-04-04,2025-04-05,P1015,Lamp,Home,Berlin Warehouse,north america,S03,,474,495,553,356,479.02,26,Air,335739.45,Wholesale,V1
T01853,2025-07-22,24/08/2025,P1013,Sofa,Furniture,Hamburg WH,Europe,S02,Supplier B,430,361,204,401,151.18,25,Air,95265.74,Retail,V3
T01854,17/12/2025,2025-12-23,P1015,Lamp,Home,Munich WH,north america,S02,Supplier B,1333,1178,607,284,553.49,2,Sea,913660.28,Retail,V1
T01855,2024-07-22,26/07/2024,P1004,Headphones,Electronics,BERLIN WH,NA,S08,Supplier H,338,289,382,268,1246.82,4,Road,423857.33,Retail,V1
T01856,19/12/2024,2025-01-10,P1015,Lamp,Home,Berlin WH,Europe,S07,Supplier G,737,879,,205,936.26,16,Air,988047.77,Retail,V1
T01857,2025-11-25,2025-11-30,P1002,Phone,Electronics,Hamburg WH,North America,S02,Supplier B,808,872,702,458,1022.24,7,Air,1282560.95,Wholesale,V1
T01858,2025-06-09,2025-06-30,P1011,Router,Electronics,Munich WH,north america,S06,Supplier F,511,449,667,217,1368.63,16,Sea,1028967.77,Wholesale,V1
T01859,2024-07-13,20/08/2024,P1004,Headphones,Electronics,Munich WH,NA,S08,Supplier H,703,605,463,188,368.82,30,Sea,387315.4,Wholesale,V3
T01860,20/02/2024,2024-03-01,P1012,Camera,Electronics,Berlin Warehouse,Europe,S03,Supplier C,518,512,646,446,727.26,12,Sea,467846.62,Retail,V1
T01861,2025-03-17,2025-03-31,P1005,Printer,Electronics,Berlin Warehouse,NA,S05,Supplier E,398,390,851,177,394.8,9,Air,272366.45,Wholesale,V2
T01862,2025-01-07,2025-07-31,P1002,Phone,Electronics,Munich WH,N. America,S03,,392,440,329,387,747.2,25,Air,562431.92,Retail,V1
T01863,14/06/2024,21/07/2024,P1011,Router,Electronics,Munich WH,N. America,S02,Supplier B,-480,575,1116,401,1047.11,30,Air,732434.33,Retail,V2
T01864,2025-06-15,2025-11-07,P1015,Lamp,Electrnics,BERLIN WH,Europe,S07,Supplier G,403,417,897,237,538.7,20,Road,382147.2,Wholesale,V1
T01865,2025-12-03,2025-03-20,P1014,Shelf,Furniture,Munich WH,N. America,S04,Supplier D,446,521,441,426,1063.1,9,Road,960172.78,Wholesale,V2
T01866,30/01/2024,2024-03-01,P1006,Desk,Furniture,Berlin WH,Europe,S04,Supplier D,512,438,1,443,791.07,26,Road,499400.66,Wholesale,V2
T01867,28/11/2025,13/12/2025,P1015,Lamp,Home,Hamburg WH,Europe,S02,Supplier B,934,1109,880,382,1235.24,17,Air,1924482.37,Wholesale,V3
T01868,2024-05-30,2024-06-23,P1014,Shelf,Electrnics,Hamburg WH,north america,S01,Supplier A,424,403,637,336,1322.59,26,Air,917527.32,Retail,V3
T01869,24/06/2024,2024-10-07,P1003,Tablet,Electronics,Berlin Warehouse,North America,S04,Supplier D,460,443,980,472,917.35,13,Sea,550863.49,Wholesale,V1
T01870,2024-09-12,2025-01-03,P1009,Keyboard,Electronic,Hamburg WH,north america,S08,Supplier H,,900,930,203,1496.32,23,Air,1946570.51,Retail,V3
T01871,2025-10-28,2025-11-17,P1013,Sofa,Furniture,BERLIN WH,north america,S03,Supplier C,569,506,368,187,1169.75,20,Sea,977812.34,Wholesale,V3
T01872,2024-10-02,2024-03-03,P1009,Keyboard,Electronics,Munich WH,north america,S05,Supplier E,432,378,914,270,1342.3,15,Sea,627086.05,Retail,V1
T01873,2024-05-09,2024-06-03,P1015,Lamp,Home,Munich WH,N. America,S01,Supplier A,541,512,949,319,827.14,27,Road,481025.22,Wholesale,V3
T01874,2025-09-04,23/09/2025,P1012,Camera,Electronics,Berlin Warehouse,NA,S05,Supplier E,745,704,1121,409,763.91,11,Road,776716.66,Wholesale,V3
T01875,2025-09-16,2025-09-22,P1009,Keyboard,Electronics,BERLIN WH,Europe,S02,Supplier B,548,635,499,481,309.59,4,Road,350142.71,Wholesale,V1
T01876,2025-12-12,2025-12-25,P1011,Router,Electronics,Berlin Warehouse,north america,S08,Supplier H,873,843,522,196,923.06,13,Sea,939822.89,Wholesale,V2
T01877,2025-05-04,30/05/2025,P1004,Headphones,Electronics,BERLIN WH,Europe,S03,Supplier C,,574,860,163,447.23,21,Air,450934.64,Retail,V3
T01878,2025-10-04,31/10/2025,P1011,Router,Electronics,Hamburg WH,Europe,S08,Supplier H,469,564,922,403,639.03,21,Road,537559.95,Retail,V3
T01879,2025-08-11,2025-08-28,P1015,Lamp,Home,Berlin Warehouse,NA,S07, Supplier A ,700,673,366,408,504.52,17,Road,559110.63,Retail,V2
T01880,2024-02-09,2024-02-25,P1013,Sofa,Furniture,Hamburg WH,N. America,S06,Supplier F,503,443,928,498,173.29,18,Road,129461.46,Retail,V2
T01881,23/02/2024,20/03/2024,P1012,Camera,Electronics,Hamburg WH,Europe,S05,Supplier E,521,448,1246,165,557.52,23,Road,324951.06,Wholesale,V3
T01882,2025-04-12,2025-04-05,P1010,Mouse,Electronics,Berlin Warehouse,NA,S01,,118,126,712,165,1046.74,23,Road,215202.79,Retail,V3
T01883,16/12/2024,2024-12-26,P1014,Shelf,Furniture,Munich WH,Europe,S06,Supplier F,966,1009,453,287,1022.08,10,Sea,1478015.44,Wholesale,V1
T01884,2024-05-23,15/06/2024,P1006,Desk,Furniture,Berlin Warehouse,north america,S05,Supplier E,287,303,632,245,49.95,22,Road,22199.73,Wholesale,V2
T01885,2024-08-15,2024-09-21,P1014,Shelf,Furniture,Berlin WH,NA,S04, Supplier A ,1314,1105,869,429,1368.95,30,Sea,1835193.61,Retail,V2
T01886,2024-03-22,2024-04-13,P1011,Router,Electronics,Hamburg WH,N. America,S06,Supplier F,,368,227,245,1201.77,19,Sea,648705.96,Wholesale,V1
T01887,2025-08-12,22/08/2025,P1003,Tablet,Electronics,BERLIN WH,north america,S07,Supplier G,936,834,757,451,215.67,9,Road,287743.32,Wholesale,V1
T01888,2024-08-16,2024-09-13,P1014,Shelf,Furniture,BERLIN WH,NA,S02,Supplier B,400,489,562,436,741.13,24,Air,488824.13,Wholesale,V3
T01889,2024-09-26,20/10/2024,P1007,Chair,Furniture,Hamburg WH,NA,S06,Supplier F,886,800,433,158,382.29,21,Sea,347001.03,Retail,V1
T01890,2024-07-17,2024-08-22,P1005,Printer,Electronics,Munich WH,North America,S02,Supplier B,,520,846,495,384.79,30,Air,221361.25,Wholesale,V3
T01891,2025-05-10,2025-05-31,P1003,Tablet,Electronics,Munich WH,N. America,S01,Supplier A,455,436,602,251,266.49,18,Sea,170803.52,Retail,V1
T01892,2025-01-07,2025-01-14,P1004,Headphones,Electronics,BERLIN WH,Europe,S07,Supplier G,245,302,884,307,75.14,4,Air,25380.02,Wholesale,V2
T01893,2024-07-26,2024-08-15,P1002,Phone,Electronics,Berlin Warehouse,Europe,S04,Supplier D,442,396,-20,238,658.96,13,Sea,369789.29,Retail,V1
T01894,2025-12-03,21/03/2025,P1008,Monitor,Electronics,BERLIN WH,N. America,S06,Supplier F,655,721,727,173,199.95,2,Road,214694.74,Retail,V2
T01895,2024-03-30,2024-04-19,P1001,Laptop,Electronics,Munich WH,north america,S06,Supplier F,447,423,223,240,751.31,16,Air,487573.56,Wholesale,V3
T01896,2024-03-02,2024-03-06,P1010,Mouse,Electronics,BERLIN WH,N. America,S03,Supplier C,757,700,776,394,810.6,2,Air,893818.21,Wholesale,V2
T01897,2024-06-15,2024-08-07,P1015,Lamp,Home,Hamburg WH,North America,S03,Supplier C,460,477,958,319,1151.08,19,Sea,827873.69,Wholesale,V2
T01898,2025-05-07,2025-08-03,P1008,Monitor,Electronics,Berlin Warehouse,Europe,S05,Supplier E,500,515,552,302,509.34,29,Road,305125.14,Wholesale,V3
T01899,2024-11-12,2025-05-01,P1012,Camera,Electronics,Munich WH,Europe,S05,Supplier E,665,791,1374,427,926.48,22,Sea,1184694.28,Wholesale,V3
T01900,20/09/2025,28/09/2025,P1005,Printer,Electronics,Munich WH,North America,S03,Supplier C,707,734,747,407,1430.55,6,Air,1791131.04,Wholesale,V2
T01901,27/01/2024,2024-01-30,P1003,Tablet,Electronics,BERLIN WH,NA,S01,,389,400,576,170,614.81,3,Road,369624.64,Retail,V3
T01902,2025-10-24,2025-11-02,P1015,Lamp,Electrnics,Berlin WH,NA,S04,Supplier D,684,682,826,187,175.14,9,Sea,203153.34,Retail,V1
T01903,2024-06-01,2024-01-15,P1006,Desk,Furniture,Berlin Warehouse,Europe,S06,Supplier F,392,480,639,396,1063.57,3,Road,865427.31,Retail,V3
T01904,2024-12-04,2024-05-17,P1005,Printer,Electronics,Munich WH,north america,S05,Supplier E,610,589,671,295,952.41,29,Sea,949044.5,Wholesale,V3
T01905,26/09/2025,2025-10-14,P1012,Camera,Electronics,Hamburg WH,Europe,S08,Supplier H,677,583,361,223,1353.43,17,Road,1407300.06,Wholesale,V3
T01906,2024-10-26,2024-11-18,P1011,Router,Electronics,Berlin Warehouse,NA,S07,Supplier G,549,459,1003,226,718.98,25,Road,490953.72,Retail,V2
T01907,2024-10-21,2024-10-29,P1004,Headphones,Electronics,Munich WH,North America,S02,Supplier B,216,261,783,419,1345.56,8,Road,583635.13,Retail,V1
T01908,2024-05-03,19/03/2024,P1003,Tablet,Electronics,Berlin WH,NA,S04,Supplier D,572,545,577,460,625.53,6,Road,435624.76,Retail,V1
T01909,2025-01-21,2025-09-02,P1012,Camera,Electronics,Hamburg WH,NA,S01,Supplier A,561,551,892,196,922.16,18,Sea,591311.33,Retail,V1
T01910,20/07/2025,2025-08-08,P1008,Monitor,Electronics,Hamburg WH,Europe,S06,Supplier F,294,333,670,162,998.73,19,Road,577978.84,Retail,V3
T01911,2025-04-11,2025-03-05,P1003,Tablet,Electronics,BERLIN WH,NA,S03,Supplier C,361,341,591,329,1309.36,17,Road,725023.66,Wholesale,V3
T01912,2025-10-04,2025-10-18,P1005,Printer,Electronics,Munich WH,North America,S08,Supplier H,563,512,972,219,227.3,14,Sea,156387.31,Retail,V3
T01913,2024-04-02,2024-10-05,P1009,Keyboard,Electronics,Munich WH,N. America,S08,Supplier H,619,529,89,345,1313.96,30,Road,830047.97,Retail,V2
T01914,24/02/2024,2024-03-08,P1009,Keyboard,Electronics,Hamburg WH,N. America,S03, Supplier A ,,444,,375,929.86,5,Air,715046.34,Wholesale,V3
T01915,2024-08-08,2024-05-09,P1004,Headphones,Electronics,Munich WH,N. America,S08,Supplier H,808,712,776,261,797.3,20,Air,707229.14,Wholesale,V1
T01916,2024-06-25,2024-07-25,P1003,Tablet,Electronics,Berlin WH,Europe,S04,Supplier D,897,818,997,360,345.43,30,Sea,383667.21,Retail,V3
T01917,2024-11-06,2024-12-06,P1004,Headphones,Electronics,BERLIN WH,NA,S03,Supplier C,925,947,670,271,1137.54,30,Road,1751143.71,Retail,V3
T01918,2025-07-07,2025-07-20,P1004,Headphones,Electronics,Hamburg WH,North America,S06,,647,559,296,434,723.29,11,Sea,712241.37,Wholesale,V3
T01919,2025-05-19,2025-05-31,P1004,Headphones,Electronics,Berlin WH,north america,S03,Supplier C,503,528,991,351,1403.15,11,Sea,1039047.32,Wholesale,V2
T01920,14/08/2025,2025-09-06,P1013,Sofa,Furniture,Berlin Warehouse,Europe,S08,Supplier H,433,423,1115,462,716.35,24,Road,343492.11,Wholesale,V1
T01921,2024-07-10,14/07/2024,P1010,Mouse,Electronics,Berlin WH,NA,S03,Supplier C,499,482,951,375,226,4,Air,120083.53,Wholesale,V3
T01922,2025-05-24,2025-06-13,P1012,Camera,Electronics,Berlin Warehouse,north america,S02,Supplier B,502,598,445,259,1365.15,17,Road,1020870.7,Retail,V1
T01923,2024-06-01,2024-07-01,P1001,Laptop,Electronics,Hamburg WH,North America,S02,Supplier B,349,434,572,218,1162.27,27,Road,863840.31,Retail,V1
T01924,2024-02-08,2024-03-11,P1015,Lamp,Home,Hamburg WH,north america,S01,Supplier A,324,355,809,285,724.37,26,Road,454654.43,Wholesale,V3
T01925,30/05/2025,2025-06-23,P1009,Keyboard,Electronics,BERLIN WH,north america,S08,Supplier H,584,599,473,328,460.81,23,Sea,391718.71,Retail,V1
T01926,14/10/2025,2025-11-08,P1009,Keyboard,Electronics,Berlin Warehouse,North America,S07,Supplier G,493,597,468,181,1433.55,27,Sea,1057043.81,Wholesale,V1
T01927,2025-02-01,2025-09-03,P1011,Router,Electronics,BERLIN WH,North America,S02,Supplier B,614,518,748,443,727.28,29,Sea,606227.34,Retail,V2
T01928,2024-06-15,2024-11-07,P1004,Headphones,Electronics,Munich WH,N. America,S02,Supplier B,353,362,582,161,265.31,26,Road,171668.86,Wholesale,V3
T01929,2024-01-25,2024-02-13,P1002,Phone,Electronic,Munich WH,N. America,S05,Supplier E,548,522,487,251,816.36,17,Air,666282.6,Retail,V1
T01930,13/08/2025,2025-08-29,P1007,Chair,Furniture,Munich WH,Europe,S08,Supplier H,655,717,450,192,1411.46,8,Air,1653079.03,Retail,V1
T01931,2025-02-11,2025-02-17,P1001,Laptop,Electronics,Berlin Warehouse,North America,S03,Supplier C,316,393,543,227,378.64,5,Road,234390,Wholesale,V2
T01932,22/04/2025,2025-05-04,P1013,Sofa,Furniture,Berlin WH,North America,S03,Supplier C,584,506,306,177,1046.76,5,Air,728940.23,Wholesale,V2
T01933,2024-04-17,29/04/2024,P1003,Tablet,Electronics,Berlin WH,Europe,S03,Supplier C,356,409,159,171,958.32,5,Air,531059.69,Wholesale,V3
T01934,2025-06-25,2025-07-10,P1013,Sofa,Furniture,Berlin Warehouse,North America,S08,Supplier H,576,552,849,277,559.02,8,Sea,384783.34,Retail,V2
T01935,24/01/2025,2025-02-03,P1006,Desk,Furniture,Berlin Warehouse,Europe,S04,Supplier D,436,490,1084,424,308.86,2,Road,183997.94,Wholesale,V3
T01936,2024-04-16,2024-04-20,P1003,Tablet,Electronics,BERLIN WH,North America,S05,Supplier E,419,415,880,240,688.29,5,Road,430096.57,Wholesale,V3
T01937,2025-06-21,19/07/2025,P1003,Tablet,Electronics,BERLIN WH,N. America,S06,Supplier F,447,461,691,154,917.17,20,Air,630178.97,Wholesale,V2
T01938,2024-11-05,2024-05-28,P1001,Laptop,Electronic,Berlin WH,North America,S04,Supplier D,405,383,806,337,290.32,13,Air,180728.69,Wholesale,V1
T01939,2025-12-12,2026-01-06,P1010,Mouse,Electronic,Berlin Warehouse,Europe,S08,Supplier H,,1051,457,158,623.63,26,Air,1044451.72,Retail,V2
T01940,14/07/2024,2024-01-08,P1007,Chair,Furniture,BERLIN WH,Europe,S06,Supplier F,612,582,541,431,889.59,12,Sea,697648.33,Retail,V1
T01941,2024-01-28,30/01/2024,P1005,Printer,Electronics,Hamburg WH,North America,S02,Supplier B,791,800,587,229,1053.5,2,Sea,1182943.84,Retail,V2
T01942,2025-09-20,2025-10-14,P1003,Tablet,Electronics,BERLIN WH,North America,S08,Supplier H,503,627,542,268,465.42,999,Air,473983.71,Retail,V2
T01943,2024-03-28,2024-04-03,P1007,Chair,Furniture,Berlin Warehouse,N. America,S07,Supplier G,-505,427,848,452,763.56,2,Air,567924.43,Wholesale,V3
T01944,27/10/2025,2025-10-11,P1015,Lamp,Home,Berlin Warehouse,North America,S02,Supplier B,520,624,940,325,345.59,12,Air,238543.61,Wholesale,V1
T01945,2024-12-09,2024-10-06,P1001,Laptop,Electronics,Hamburg WH,Europe,S02,Supplier B,655,588,1022,158,521.63,21,Road,513303.62,Wholesale,V2
T01946,2025-03-09,2025-03-16,P1015,Lamp,Home,Hamburg WH,north america,S05,Supplier E,450,481,655,468,624.56,4,Road,403783.18,Wholesale,V2
T01947,18/10/2024,2024-11-02,P1007,Chair,Furniture,Berlin WH,N. America,S03,Supplier C,433,461,752,276,1259.12,10,Sea,665640.61,Wholesale,V2
T01948,2024-01-03,2024-05-01,P1002,Phone,Electronics,Munich WH,North America,S01,Supplier A,445,469,573,434,1169.06,3,Air,831836.19,Retail,V1
T01949,26/02/2025,2025-03-18,P1009,Keyboard,Electronics,BERLIN WH,North America,S04,Supplier D,551,651,877,201,1253.15,16,Sea,1300332.28,Retail,V2
T01950,2025-06-12,25/06/2025,P1001,Laptop,Electronic,BERLIN WH,Europe,S01,Supplier A,661,612,746,414,318.52,5,Air,273068.13,Retail,V3
T01951,2024-02-01,2024-02-23,P1014,Shelf,Furniture,Hamburg WH,North America,S02,Supplier B,492,417,697,325,210.29,24,Air,139272.74,Retail,V2
T01952,2025-04-08,25/04/2025,P1002,Phone,Electronics,BERLIN WH,North America,S04,Supplier D,519,444,701,177,1280.72,16,Air,834183.35,Wholesale,V2
T01953,2025-06-27,2025-07-09,P1005,Printer,Electronics,Berlin Warehouse,North America,S08,Supplier H,422,447,622,303,398.03,8,Road,258816.49,Retail,V1
T01954,2024-01-18,2024-02-06,P1010,Mouse,Electronics,Munich WH,NA,S07,Supplier G,588,509,817,243,983.3,13,Sea,717052.19,Wholesale,V3
T01955,15/03/2025,18/03/2025,P1010,Mouse,Electronics,Berlin WH,north america,S05,Supplier E,559,488,990,404,451.53,2,Air,262249.77,Wholesale,V1
T01956,18/11/2025,2025-12-02,P1013,Sofa,Furniture,Hamburg WH,NA,S04,Supplier D,1077,932,971,460,1407.98,14,Sea,1492722.32,Wholesale,V2
T01957,2024-01-06,2024-11-06,P1002,Phone,Electronics,Berlin Warehouse,N. America,S06,Supplier F,227,217,704,449,1194.51,4,Road,336041.53,Wholesale,V1
T01958,2024-02-02,21/02/2024,P1001,Laptop,Electronics,Berlin WH,NA,S05,Supplier E,607,711,820,356,1224.82,15,Sea,1327411.84,Retail,V1
T01959,2024-04-29,2024-05-24,P1001,Laptop,Electronics,Hamburg WH,North America,S08,Supplier H,406,482,801,451,769.62,17,Sea,430334.99,Retail,V1
T01960,2025-11-01,2025-12-03,P1005,Printer,Electronics,Berlin WH,north america,S04,Supplier D,870,919,1108,428,117.45,26,Road,165738.39,Wholesale,V3
T01961,2024-04-01,2024-01-27,P1006,Desk,Furniture,BERLIN WH,N. America,S04,Supplier D,355,305,,491,470.08,24,Air,202847.22,Wholesale,V3
T01962,2025-09-15,2025-10-04,P1009,Keyboard,Electronics,Munich WH,Europe,S01,Supplier A,,588,725,451,574.31,11,Sea,390558.78,Wholesale,V3
T01963,2024-08-17,2024-09-09,P1011,Router,Electronics,Hamburg WH,North America,S02,Supplier B,-878,874,290,251,1047.92,0,Sea,1043042.01,Wholesale,V3
T01964,23/07/2025,2025-08-11,P1012,Camera,Electronics,Berlin WH,N. America,S05,Supplier E,50000,601,557,202,1286.12,15,Air,899976.21,Wholesale,V2
T01965,2024-02-20,2024-02-03,P1008,Monitor,Electronics,Berlin Warehouse,N. America,S08,Supplier H,467,447,962,442,246.27,10,Sea,126189.78,Wholesale,V1
T01966,2024-08-03,2024-08-22,P1012,Camera,Electrnics,Munich WH,Europe,S05,Supplier E,602,651,,448,781.29,20,Air,769100.07,Retail,V3
T01967,2024-09-27,2024-01-10,P1003,Tablet,Electronics,Berlin Warehouse,Europe,S07,Supplier G,806,773,984,488,629.44,999,Air,696587.24,Wholesale,V3
T01968,24/06/2024,2024-06-27,P1002,Phone,Electronics,Berlin WH,NA,S02,Supplier B,568,637,628,360,28.47,3,Air,28217.29,Retail,V1
T01969,13/01/2025,2025-11-02,P1011,Router,Electrnics,Berlin WH,Europe,S08,Supplier H,601,526,658,225,133.56,30,Air,82509.66,Wholesale,V3
T01970,2025-06-04,2025-06-20,P1001,Laptop,Electronics,BERLIN WH,north america,S02,Supplier B,723,795,672,429,1080.86,14,Air,1303053.22,Retail,V1
T01971,2025-07-04,26/04/2025,P1015,Lamp,Home,Munich WH,Europe,S06,Supplier F,459,405,,417,642.03,18,Road,391061.41,Wholesale,V2
T01972,2024-12-01,2024-02-06,P1009,Keyboard,Electronics,BERLIN WH,north america,S03,Supplier C,390,352,,181,660.96,27,Air,287199.78,Wholesale,V2
T01973,2024-11-23,2024-12-22,P1008,Monitor,Electronics,Hamburg WH,north america,S02,Supplier B,999,1081,986,242,493.62,28,Air,713772.07,Wholesale,V3
T01974,16/02/2025,2025-03-11,P1002,Phone,Electronics,Munich WH,NA,S02,Supplier B,528,451,740,230,349.33,18,Air,283550.05,Wholesale,V3
T01975,2025-05-31,28/06/2025,P1003,Tablet,Electronics,Hamburg WH,North America,S08,Supplier H,498,561,545,350,139.65,20,Sea,134159.84,Retail,V3
T01976,2024-12-29,2025-01-27,P1004,Headphones,Electronics,Munich WH,Europe,S02,Supplier B,936,866,963,282,844.46,30,Air,1241070.77,Wholesale,V2
T01977,15/02/2024,2024-03-05,P1008,Monitor,Electronics,Munich WH,north america,S04,Supplier D,526,530,207,240,543.78,17,Air,496868.01,Wholesale,V3
T01978,2025-01-21,2025-02-18,P1006,Desk,Furniture,Hamburg WH,N. America,S02,Supplier B,482,468,638,385,993.09,20,Sea,574559.44,Retail,V3
T01979,2025-03-07,25/03/2025,P1012,Camera,Electronics,Munich WH,N. America,S05,Supplier E,509,567,665,462,1009.17,14,Road,925878.45,Wholesale,V3
T01980,2025-03-15,2025-04-04,P1001,Laptop,Electronics,Berlin Warehouse,North America,S05,Supplier E,50000,584,679,381,697.73,18,Sea,610614.38,Retail,V1
T01981,2025-07-28,2025-03-08,P1006,Desk,Furniture,BERLIN WH,north america,S02,Supplier B,685,595,1115,347,548.2,6,Air,427268.4,Wholesale,V2
T01982,2025-09-07,2025-08-03,P1009,Keyboard,Electronics,Berlin Warehouse,NA,S03,Supplier C,666,637,1018,150,1276.84,18,Road,1168118.38,Wholesale,V3
T01983,2025-12-14,2025-12-21,P1009,Keyboard,Electronics,Berlin Warehouse,NA,S04,Supplier D,1004,858,925,464,1054.01,3,Sea,1157577.64,Wholesale,V1
T01984,2025-06-23,2025-07-02,P1008,Monitor,Electronics,Berlin WH,North America,S02,Supplier B,558,653,1318,367,895.04,2,Sea,771693.2,Retail,V1
T01985,2024-04-25,2024-05-25,P1010,Mouse,Electronics,Berlin Warehouse,N. America,S04,Supplier D,646,604,781,333,548.34,23,Road,483177.75,Wholesale,V1
T01986,2024-08-26,2024-09-23,P1004,Headphones,Electronics,BERLIN WH,N. America,S08,Supplier H,655,727,721,358,1314.97,30,Air,1669963.5,Retail,V2
T01987,2024-11-24,2024-04-12,P1009,Keyboard,Electronics,Berlin Warehouse,NA,S02,Supplier B,921,961,750,355,1430.46,12,Sea,2188406.46,Wholesale,V2
T01988,2024-05-28,2024-06-06,P1005,Printer,Electronics,BERLIN WH,North America,S02,Supplier B,152,149,414,465,241.09,5,Air,51312.15,Wholesale,V2
T01989,29/01/2024,2024-02-26,P1013,Sofa,Furniture,Hamburg WH,Europe,S07,Supplier G,773,691,,355,1418.88,29,Road,1496114.86,Retail,V3
T01990,2024-05-09,2024-06-04,P1012,Camera,Electronics,Munich WH,North America,S05,Supplier E,587,529,664,454,870.15,19,Road,730487.07,Retail,V2
T01991,2025-04-17,2025-04-26,P1014,Shelf,Furniture,Hamburg WH,NA,S03,Supplier C,-496,524,802,199,1075.28,10,Sea,635677.61,Retail,V1
T01992,2024-11-30,2024-12-26,P1010,Mouse,Electrnics,BERLIN WH,north america,S03,Supplier C,633,731,273,351,54.17,22,Sea,47255.26,Retail,V3
T01993,2025-08-18,2025-09-09,P1007,Chair,Furniture,Munich WH,NA,S08,Supplier H,994,832,841,309,532.62,18,Road,673379.99,Retail,V2
T01994,14/12/2024,18/01/2025,P1010,Mouse,Electronics,Berlin WH,North America,S05,Supplier E,848,1015,905,310,1294.65,27,Air,2193410.45,Retail,V3
T01995,2025-09-05,2025-10-12,P1011,Router,Electronics,Hamburg WH,NA,S03,Supplier C,685,683,605,179,807.87,29,Air,710337.05,Wholesale,V3
T01996,2024-02-15,2024-02-03,P1006,Desk,Furniture,Hamburg WH,North America,S02,Supplier B,386,472,881,186,464.34,17,Air,322567.04,Wholesale,V1
T01997,2025-03-07,2025-08-04,P1006,Desk,Furniture,Berlin Warehouse,North America,S04,Supplier D,265,311,540,360,1232.36,24,Road,688840.96,Wholesale,V2
T01998,2025-01-16,31/01/2025,P1010,Mouse,Electronics,Berlin WH,North America,S01,Supplier A,388,371,,344,1083.29,17,Road,552380.48,Wholesale,V1
T01999,2024-01-11,2024-11-06,P1009,Keyboard,Electronics,Hamburg WH,Europe,S05,Supplier E,896,915,921,241,977.08,3,Road,1579714.48,Wholesale,V3
T02000,24/07/2025,2025-08-14,P1010,Mouse,Electronics,Berlin WH,NA,S07,Supplier G,422,456,188,370,1056.28,17,Sea,808418.74,Wholesale,V1
T01861,2025-03-17,2025-03-31,P1005,Printer,Electronics,Berlin Warehouse,NA,S05,Supplier E,398,390,851,177,394.8,9,Air,272366.45,Wholesale,V2
T00354,2025-12-15,2026-01-11,P1006,Desk,Furniture,Berlin Warehouse,north america,S01,,842,836,892,330,462.11,20,Air,679341.21,Wholesale,V3
T01334,15/12/2025,2026-04-01,P1008,Monitor,Electronics,Munich WH,NA,S05,Supplier E,567,688,772,197,260.5,17,Sea,309434.48,Wholesale,V3
T00906,2024-03-02,2024-03-23,P1003,Tablet,Electronics,BERLIN WH,NA,S05,Supplier E,619,570,679,449,1396.64,15,Road,1169696.62,Retail,V1
T01290,20/07/2025,2025-07-31,P1002,Phone,Electronics,Munich WH,N. America,S01,Supplier A,520,461,835,415,787.12,8,Air,516449.07,Wholesale,V3
T01274,2024-01-27,2024-02-20,P1006,Desk,Furniture,Hamburg WH,north america,S04,Supplier D,50000,448,723,294,249.17,20,Air,137084.52,Wholesale,V2
T00939,2025-11-11,2025-03-12,P1008,Monitor,Electronics,Munich WH,N. America,S03,Supplier C,992,1037,-20,459,920.15,20,Road,1346562.14,Wholesale,V2
T01732,26/04/2024,2024-05-07,P1013,Sofa,Furniture,Munich WH,Europe,S08,Supplier H,421,438,822,322,546.32,5,Road,395711.51,Retail,V2
T00066,14/11/2024,2024-12-12,P1002,Phone,Electronics,Hamburg WH,Europe,S01,Supplier A,1006,977,731,309,594.49,20,Road,900441.19,Retail,V1
T01324,2025-10-09,2025-11-03,P1008,Monitor,Electronics,Munich WH,North America,S08,Supplier H,609,601,381,238,1417.18,17,Air,1173161.22,Wholesale,V1
T00057,2024-08-24,2024-09-01,P1007,Chair,Furniture,Hamburg WH,NA,S03,Supplier C,509,456,746,259,420.83,4,Road,270054.89,Wholesale,V2
T01293,2024-04-11,2024-12-01,P1001,Laptop,Electronics,Berlin WH,NA,S04,Supplier D,788,794,498,473,1332.51,26,Road,1444021.88,Retail,V2
T01119,2025-04-07,2025-04-23,P1014,Shelf,Furniture,BERLIN WH,N. America,S07,Supplier G,385,401,395,418,95.81,8,Air,55615.01,Retail,V2
T00585,2025-10-02,2025-10-10,P1005,Printer,Electronics,BERLIN WH,Europe,S04,Supplier D,601,622,1222,406,654.84,10,Air,602262.92,Wholesale,V1
T00375,2025-04-12,2026-01-04,P1014,Shelf,Furniture,Hamburg WH,NA,S08,Supplier H,50000,1005,680,443,756.76,30,Air,892750.34,Wholesale,V3
T00276,17/11/2024,2024-12-06,P1003,Tablet,Electronics,Hamburg WH,north america,S07,Supplier G,790,783,837,313,1069.39,11,Air,983709.66,Wholesale,V2
T00747,2024-05-06,2024-06-06,P1015,Lamp,Home,Berlin Warehouse,NA,S04,,443,527,861,450,615,30,Air,521892.49,Retail,V1
T00129,2024-10-08,2024-04-11,P1010,Mouse,Electronics,BERLIN WH,Europe,S06,Supplier F,190,203,500,345,1395.7,21,Road,476395.7,Wholesale,V1
T01647,2024-11-10,2024-11-05,P1007,Chair,Furniture,BERLIN WH,north america,S05,Supplier E,608,518,-20,387,1295.99,22,Road,1156280.64,Wholesale,V2
T01853,2025-07-22,24/08/2025,P1013,Sofa,Furniture,Hamburg WH,Europe,S02,Supplier B,430,361,204,401,151.18,25,Air,95265.74,Retail,V3
T00675,2025-11-29,29/12/2025,P1005,Printer,Electronics,Berlin WH,NA,S07,Supplier G,933,877,292,178,1131.74,22,Road,1615558.42,Wholesale,V1
T01665,25/08/2024,2024-09-23,P1002,Phone,Electronics,Hamburg WH,N. America,S02,Supplier B,730,721,491,359,414.24,24,Road,516579.64,Wholesale,V3
T01982,2025-09-07,2025-08-03,P1009,Keyboard,Electronics,Berlin Warehouse,NA,S03,Supplier C,666,637,1018,150,1276.84,18,Road,1168118.38,Wholesale,V3
T01084,2025-04-02,2025-04-14,P1012,Camera,Electronics,Hamburg WH,NA,S08,Supplier H,140,128,,184,216.06,5,Air,41008.97,Retail,V2
T01923,2024-06-01,2024-07-01,P1001,Laptop,Electronics,Hamburg WH,North America,S02,Supplier B,349,434,572,218,1162.27,27,Road,863840.31,Retail,V1
T00100,2025-01-25,2025-01-28,P1007,Chair,Furniture,Munich WH,north america,S03,Supplier C,586,529,1211,403,789.84,3,Sea,708852.03,Retail,V2
T01180,2024-10-01,28/01/2024,P1010,Mouse,Electronics,Hamburg WH,N. America,S06,Supplier F,514,514,490,392,233.77,20,Sea,169355.94,Retail,V1
T00965,2024-01-07,13/01/2024,P1002,Phone,Electronics,Berlin Warehouse,N. America,S08,Supplier H,556,533,702,185,569.04,8,Air,497562.84,Retail,V1
T00793,14/07/2025,2025-05-08,P1012,Camera,Electronics,Berlin WH,N. America,S06,Supplier F,512,617,173,382,26.2,24,Road,25368.43,Wholesale,V3
T00030,2025-08-31,2025-09-30,P1001,Laptop,Electronics,Munich WH,north america,S02,Supplier B,,868,1048,364,153.63,23,Sea,224657.73,Wholesale,V1
T00629,17/10/2024,2024-10-23,P1010,Mouse,Electronics,Munich WH,NA,S04,Supplier D,,546,648,237,897.4,4,Road,660712.73,Wholesale,V1
T00945,2024-11-29,2024-10-12,P1007,Chair,Furniture,Munich WH,North America,S08,Supplier H,1090,974,1109,234,1299.26,10,Sea,1796754.82,Retail,V1
T00573,2025-02-12,2025-06-03,P1005,Printer,Electronics,Berlin Warehouse,N. America,S02,Supplier B,301,349,903,354,257.48,18,Sea,103280.68,Retail,V2
T00908,31/08/2024,2024-09-14,P1009,Keyboard,Electronics,Berlin Warehouse,N. America,S01,Supplier A,534,561,786,366,933.45,13,Air,931534.44,Wholesale,V1
T01081,27/03/2024,2024-02-04,P1015,Lamp,Home,Hamburg WH,north america,S01,,686,691,704,459,241.08,6,Sea,258838.41,Retail,V3
T00451,2024-08-11,2024-09-16,P1013,Sofa,electronics,Berlin WH,North America,S08,Supplier H,783,693,771,437,1151.5,28,Road,1198157.51,Wholesale,V2
T01610,2025-12-27,2026-01-25,P1005,Printer,Electronics,Berlin WH,NA,S08,Supplier H,947,1094,1108,253,202.73,27,Air,396118.97,Retail,V3
T01291,2024-08-22,2024-07-09,P1005,Printer,Electronics,Berlin Warehouse,north america,S03,Supplier C,863,791,264,341,628.18,12,Road,765436.49,Retail,V1
T01079,2025-03-13,2025-06-04,P1007,Chair,Furniture,Berlin Warehouse,Europe,S03,Supplier C,624,586,727,330,1237.53,22,Road,804453.84,Retail,V2
T00255,2025-07-09,2025-07-11,P1011,Router,Electronics,Berlin WH,North America,S01,Supplier A,543,587,679,418,770.71,3,Sea,510812.94,Retail,V3
T00125,2024-11-27,2024-11-30,P1001,Laptop,Electronics,Hamburg WH,north america,S03,Supplier C,810,808,,285,378.77,3,Air,361252.53,Retail,V2
T01928,2024-06-15,2024-11-07,P1004,Headphones,Electronics,Munich WH,N. America,S02,Supplier B,353,362,582,161,265.31,26,Road,171668.86,Wholesale,V3
T00252,2024-02-16,2024-02-20,P1010,Mouse,Electronics,Munich WH,north america,S04,,594,601,1005,224,1269.37,2,Road,1269427.67,Wholesale,V2
T00586,2024-06-04,2024-09-06,P1006,Desk,Furniture,Hamburg WH,north america,S07,Supplier G,547,630,963,486,760.17,6,Road,664900.57,Retail,V2
T01569,2025-01-29,2025-02-28,P1007,Chair,Furniture,Hamburg WH,N. America,S01,Supplier A,938,792,809,221,892.42,27,Sea,1010592.53,Wholesale,V1
T00825,24/03/2024,26/04/2024,P1013,Sofa,Furniture,Hamburg WH,N. America,S01,Supplier A,407,381,628,208,1099.38,25,Air,629360.59,Wholesale,V1
T00508,2024-09-04,14/09/2024,P1014,Shelf,Furniture,Berlin Warehouse,north america,S05,Supplier E,805,727,399,255,758.37,9,Sea,611139.5,Retail,V1
T00890,2024-08-14,19/08/2024,P1004,Headphones,Electronics,Hamburg WH,north america,S08,Supplier H,804,783,636,335,1148.02,3,Air,1499602.57,Retail,V1
T00071,2025-06-08,2025-08-13,P1010,Mouse,Electronics,BERLIN WH,N. America,S07,Supplier G,943,789,852,322,630.67,2,Sea,676939.48,Retail,V2
T01609,2024-08-02,2024-02-23,P1008,Monitor,Electronics,Berlin WH,north america,S07,Supplier G,452,433,,388,1245.5,15,Air,652689.85,Retail,V2
